   Compiling proc-macro2 v1.0.107
   Compiling unicode-ident v1.0.24
   Compiling quote v1.0.47
    Checking cfg-if v1.0.4
    Checking once_cell v1.21.4
   Compiling wasm-bindgen-shared v0.2.126
   Compiling rustversion v1.0.23
   Compiling libm v0.2.16
    Checking pin-project-lite v0.2.17
   Compiling bumpalo v3.20.3
   Compiling serde_core v1.0.229
    Checking futures-core v0.3.33
    Checking slab v0.4.12
    Checking futures-task v0.3.33
    Checking log v0.4.33
   Compiling thiserror v2.0.19
   Compiling serde v1.0.229
    Checking foldhash v0.2.0
    Checking rand_core v0.10.1
    Checking arrayvec v0.7.8
   Compiling winnow v1.0.4
   Compiling getrandom v0.4.3
   Compiling hashbrown v0.17.1
    Checking equivalent v1.0.2
   Compiling wasm-bindgen v0.2.126
   Compiling crossbeam-utils v0.8.22
   Compiling indexmap v2.14.0
   Compiling toml_parser v1.1.3+spec-1.1.0
   Compiling libc v0.2.189
   Compiling syn v2.0.119
   Compiling syn v3.0.3
   Compiling toml_datetime v1.1.1+spec-1.1.0
   Compiling toml_edit v0.25.13+spec-1.1.0
    Checking chacha20 v0.10.2
    Checking event-listener v5.4.2
   Compiling autocfg v1.5.1
    Checking futures-io v0.3.33
    Checking typewit v1.15.2
    Checking fastrand v2.5.0
   Compiling version_check v0.9.5
    Checking const_panic v0.2.15
   Compiling num-traits v0.2.19
    Checking event-listener-strategy v0.5.4
    Checking parking v2.2.1
    Checking futures-lite v2.6.1
    Checking bitflags v2.13.1
    Checking hashbrown v0.16.1
    Checking smallvec v1.15.2
    Checking raw-window-handle v0.6.2
    Checking concurrent-queue v2.5.0
   Compiling typeid v1.0.3
   Compiling shlex v2.0.1
    Checking async-channel v2.5.0
   Compiling unicode-segmentation v1.13.3
   Compiling find-msvc-tools v0.1.9
    Checking futures-channel v0.3.33
    Checking thread_local v1.1.10
    Checking spin v0.10.1
   Compiling unicode-xid v0.2.6
    Checking async-task v4.7.1
   Compiling erased-serde v0.4.10
    Checking disqualified v1.0.0
    Checking atomic-waker v1.1.2
   Compiling slotmap v1.1.1
   Compiling convert_case v0.10.0
    Checking inventory v0.3.24
    Checking bevy_ptr v0.19.0
    Checking downcast-rs v2.0.2
    Checking tracing-core v0.1.36
   Compiling jobserver v0.1.35
    Checking async-executor v1.14.0
    Checking crossbeam-queue v0.3.13
    Checking nonmax v0.5.5
    Checking fixedbitset v0.5.7
    Checking memchr v2.8.3
   Compiling cc v1.4.0
    Checking either v1.17.0
   Compiling cfg_aliases v0.2.2
   Compiling zerocopy v0.8.55
    Checking crossbeam-channel v0.5.16
    Checking itertools v0.14.0
    Checking simd-adler32 v0.3.10
    Checking lazy_static v1.5.0
   Compiling crc32fast v1.5.0
    Checking piper v0.2.5
   Compiling wasm-bindgen-macro-support v0.2.126
   Compiling encase_derive_impl v0.12.0
   Compiling bevy_macro_utils v0.19.0
   Compiling synstructure v0.13.2
   Compiling bevy_ecs_macro_logic v0.19.0
    Checking blocking v1.6.2
    Checking aho-corasick v1.1.5
    Checking async-lock v3.4.2
    Checking constant_time_eq v0.4.2
    Checking regex-syntax v0.8.11
    Checking adler2 v2.0.1
    Checking arrayref v0.3.9
    Checking stable_deref_trait v1.2.1
    Checking const-fnv1a-hash v1.1.0
    Checking miniz_oxide v0.8.9
    Checking async-fs v2.2.0
    Checking async-broadcast v0.7.2
    Checking stackfuture v0.3.1
    Checking atomicow v1.2.0
    Checking zlib-rs v0.6.7
    Checking fdeflate v0.3.7
    Checking writeable v0.6.3
    Checking const_soft_float v0.1.4
    Checking pxfm v0.1.30
    Checking euclid v0.22.14
    Checking svg_fmt v0.4.5
    Checking constgebra v0.1.4
    Checking byteorder-lite v0.1.0
    Checking sharded-slab v0.1.7
   Compiling serde_derive v1.0.229
   Compiling thiserror-impl v2.0.19
   Compiling blake3 v1.8.5
   Compiling displaydoc v0.2.7
    Checking flate2 v1.1.9
    Checking guillotiere v0.6.2
    Checking tracing-log v0.2.0
    Checking png v0.18.1
    Checking rectangle-pack v0.4.2
    Checking nu-ansi-term v0.50.3
    Checking regex-automata v0.4.16
    Checking litemap v0.8.2
    Checking utf8_iter v1.0.4
    Checking unicode-width v0.2.2
    Checking termcolor v1.4.1
   Compiling naga v29.0.4
    Checking bit-vec v0.9.1
   Compiling icu_locale_data v2.2.0
   Compiling icu_properties_data v2.2.0
    Checking pp-rs v0.2.1
    Checking bit-set v0.9.1
   Compiling bytemuck_derive v1.11.0
   Compiling futures-macro v0.3.33
   Compiling encase_derive v0.12.0
   Compiling derive_more-impl v2.1.1
   Compiling bevy_reflect_derive v0.19.0
   Compiling assert_type_match v0.1.1
   Compiling variadics_please v1.1.0
    Checking encase v0.12.0
    Checking futures-util v0.3.33
   Compiling tracing-attributes v0.1.31
   Compiling bevy_ecs_macros v0.19.0
   Compiling bevy_derive v0.19.0
    Checking bytemuck v1.25.2
   Compiling zerocopy-derive v0.8.55
   Compiling zerofrom-derive v0.1.7
   Compiling yoke-derive v0.8.2
   Compiling wasm-bindgen-macro v0.2.126
    Checking tracing v0.1.44
   Compiling bevy_asset_macros v0.19.0
    Checking wgpu-types v29.0.4
    Checking smol_str v0.2.2
    Checking ron v0.12.2
   Compiling zerovec-derive v0.11.3
    Checking moxcms v0.8.1
    Checking matchers v0.2.0
   Compiling bevy_encase_derive v0.19.0
    Checking tracing-subscriber v0.3.23
    Checking zerofrom v0.1.8
    Checking font-types v0.11.3
    Checking yoke v0.8.3
    Checking read-fonts v0.39.2
    Checking codespan-reporting v0.13.1
    Checking js-sys v0.3.103
    Checking rand v0.10.2
    Checking uuid v1.24.0
    Checking console_error_panic_hook v0.1.7
    Checking zerotrie v0.2.4
    Checking zerovec v0.11.6
    Checking tracing-wasm v0.2.1
    Checking hexf-parse v0.2.1
    Checking derive_more v2.1.1
    Checking rustc-hash v1.1.0
   Compiling icu_normalizer_data v2.2.0
    Checking glam v0.32.1
    Checking rand_distr v0.6.0
   Compiling icu_segmenter_data v2.2.0
    Checking font-types v0.12.2
    Checking read-fonts v0.41.0
    Checking tinystr v0.8.3
    Checking potential_utf v0.1.5
    Checking icu_locale_core v2.2.0
    Checking icu_collections v2.2.0
    Checking core_maths v0.1.1
    Checking linebender_resource_handle v0.1.1
    Checking memmap2 v0.9.11
    Checking parlance v0.1.0
    Checking d3d9_state v0.1.0 (<workspace>/outputs/iw4L-browser/crates/d3d9_state)
    Checking image v0.25.10
    Checking d3d9_decl v0.1.0 (<workspace>/outputs/iw4L-browser/crates/d3d9_decl)
    Checking regex v1.13.1
    Checking codespan-reporting v0.12.0
    Checking icu_provider v2.2.0
    Checking math_iw4 v0.1.0 (<workspace>/outputs/iw4L-browser/crates/math_iw4)
    Checking zeno v0.3.3
    Checking data-encoding v2.11.1
    Checking yazi v0.2.1
    Checking icu_properties v2.2.0
    Checking half v2.7.1
    Checking icu_locale v2.2.0
    Checking icu_normalizer v2.2.0
    Checking asset_iw4 v0.1.0 (<workspace>/outputs/iw4L-browser/crates/asset_iw4)
    Checking accesskit v0.24.1
   Compiling wgpu v29.0.4
    Checking sys-locale v0.3.2
    Checking icu_segmenter v2.2.0
   Compiling litrs v1.0.0
   Compiling bevy_material_macros v0.19.0
    Checking parley_data v0.9.0
    Checking static_assertions v1.1.0
    Checking profiling v1.0.18
    Checking radsort v0.1.1
   Compiling zmij v1.0.23
   Compiling pin-project-internal v1.1.13
   Compiling bevy_render_macros v0.19.0
   Compiling document-features v0.2.12
    Checking num-integer v0.1.46
   Compiling winit v0.30.13
    Checking offset-allocator v0.2.0
    Checking harfrust v0.6.2
    Checking skrifa v0.42.1
    Checking fontique v0.9.0
    Checking anim_iw4 v0.1.0 (<workspace>/outputs/iw4L-browser/crates/anim_iw4)
   Compiling cpal v0.17.3
   Compiling serde_json v1.0.151
    Checking grid v1.0.1
    Checking weak-table v0.3.2
    Checking taffy v0.10.1
    Checking pin-project v1.1.13
    Checking skrifa v0.44.0
    Checking num-bigint v0.4.8
    Checking itoa v1.0.18
    Checking dasp_sample v0.11.0
    Checking dpi v0.1.2
    Checking cursor-icon v1.2.0
   Compiling gilrs v0.11.2
    Checking fnv v1.0.7
    Checking vec_map v0.8.2
    Checking approx v0.5.1
    Checking fx_iw4 v0.1.0 (<workspace>/outputs/iw4L-browser/crates/fx_iw4)
    Checking parley v0.9.0
    Checking hud_iw4 v0.1.0 (<workspace>/outputs/iw4L-browser/crates/hud_iw4)
    Checking hexasphere v18.0.0
    Checking fastfile_t5 v0.1.0 (<workspace>/outputs/iw4L-browser/crates/fastfile_t5)
    Checking diag v0.1.0 (<workspace>/outputs/iw4L-browser/crates/diag)
    Checking num-rational v0.4.2
    Checking asset_core v0.1.0 (<workspace>/outputs/iw4L-browser/crates/asset_core)
    Checking dpvs_iw4 v0.1.0 (<workspace>/outputs/iw4L-browser/crates/dpvs_iw4)
    Checking playerstate_iw4 v0.1.0 (<workspace>/outputs/iw4L-browser/crates/playerstate_iw4)
   Compiling ring v0.17.14
    Checking zopfli v0.8.3
   Compiling generic-array v0.14.7
    Checking zeroize v1.9.0
    Checking lighting_iw4 v0.1.0 (<workspace>/outputs/iw4L-browser/crates/lighting_iw4)
    Checking xmodel_runtime v0.1.0 (<workspace>/outputs/iw4L-browser/crates/xmodel_runtime)
    Checking zip v6.0.0
    Checking fastfile_iw4 v0.1.0 (<workspace>/outputs/iw4L-browser/crates/fastfile_iw4)
    Checking d3d9_sm3 v0.1.0 (<workspace>/outputs/iw4L-browser/crates/d3d9_sm3)
    Checking typenum v1.20.1
    Checking dotenvy v0.15.7
    Checking swash v0.2.10
    Checking fastfile_iw5 v0.1.0 (<workspace>/outputs/iw4L-browser/crates/fastfile_iw5)
    Checking trace_iw4 v0.1.0 (<workspace>/outputs/iw4L-browser/crates/trace_iw4)
    Checking render_material v0.1.0 (<workspace>/outputs/iw4L-browser/crates/render_material)
    Checking untrusted v0.9.0
   Compiling pkg-config v0.3.33
    Checking clipmap_iw4 v0.1.0 (<workspace>/outputs/iw4L-browser/crates/clipmap_iw4)
    Checking weapon_iw4 v0.1.0 (<workspace>/outputs/iw4L-browser/crates/weapon_iw4)
   Compiling rustls v0.23.43
    Checking subtle v2.6.1
    Checking bcdec_rs v0.2.0
   Compiling tokio-macros v2.7.2
    Checking block-buffer v0.10.4
    Checking asset_transport v0.1.0 (<workspace>/outputs/iw4L-browser/crates/asset_transport)
   Compiling zstd-sys v2.0.16+zstd.1.5.7
    Checking crypto-common v0.1.7
   Compiling quinn-udp v0.5.15
    Checking digest v0.10.7
    Checking naga_oil v0.22.0
    Checking wgpu-naga-bridge v29.0.4
   Compiling zstd-safe v7.2.4
    Checking bytes v1.12.1
    Checking tinyvec_macros v0.1.1
    Checking mio v1.2.2
    Checking tinyvec v1.12.0
error: This wasm target is unsupported by mio. If using Tokio, disable the net feature.
  --> <cargo-home>/registry/src/index.crates.io-1949cf8c6b5b557f/mio-1.2.2/src/lib.rs:44:1
   |
44 | compile_error!("This wasm target is unsupported by mio. If using Tokio, disable the net feature.");
   | ^^^^^^^^^^^^^^^^^^^^^^^^^^^^^^^^^^^^^^^^^^^^^^^^^^^^^^^^^^^^^^^^^^^^^^^^^^^^^^^^^^^^^^^^^^^^^^^^^^

error[E0432]: unresolved import `crate::sys::IoSourceState`
  --> <cargo-home>/registry/src/index.crates.io-1949cf8c6b5b557f/mio-1.2.2/src/io_source.rs:14:5
   |
14 | use crate::sys::IoSourceState;
   |     ^^^^^^^^^^^^^^^^^^^^^^^^^ no `IoSourceState` in `sys`

error[E0432]: unresolved import `crate::sys::tcp`
  --> <cargo-home>/registry/src/index.crates.io-1949cf8c6b5b557f/mio-1.2.2/src/net/tcp/listener.rs:23:17
   |
23 | use crate::sys::tcp::{bind, listen, new_for_addr};
   |                 ^^^ could not find `tcp` in `sys`

error[E0432]: unresolved import `crate::sys::tcp`
  --> <cargo-home>/registry/src/index.crates.io-1949cf8c6b5b557f/mio-1.2.2/src/net/tcp/stream.rs:17:17
   |
17 | use crate::sys::tcp::{connect, new_for_addr};
   |                 ^^^ could not find `tcp` in `sys`

error[E0433]: cannot find `Selector` in `sys`
   --> <cargo-home>/registry/src/index.crates.io-1949cf8c6b5b557f/mio-1.2.2/src/poll.rs:326:18
    |
326 |             sys::Selector::new().map(|selector| Poll {
    |                  ^^^^^^^^ could not find `Selector` in `sys`

error[E0433]: cannot find `event` in `sys`
  --> <cargo-home>/registry/src/index.crates.io-1949cf8c6b5b557f/mio-1.2.2/src/event/event.rs:24:14
   |
24 |         sys::event::token(&self.inner)
   |              ^^^^^ could not find `event` in `sys`

error[E0433]: cannot find `event` in `sys`
  --> <cargo-home>/registry/src/index.crates.io-1949cf8c6b5b557f/mio-1.2.2/src/event/event.rs:38:14
   |
38 |         sys::event::is_readable(&self.inner)
   |              ^^^^^ could not find `event` in `sys`

error[E0433]: cannot find `event` in `sys`
  --> <cargo-home>/registry/src/index.crates.io-1949cf8c6b5b557f/mio-1.2.2/src/event/event.rs:43:14
   |
43 |         sys::event::is_writable(&self.inner)
   |              ^^^^^ could not find `event` in `sys`

error[E0433]: cannot find `event` in `sys`
  --> <cargo-home>/registry/src/index.crates.io-1949cf8c6b5b557f/mio-1.2.2/src/event/event.rs:68:14
   |
68 |         sys::event::is_error(&self.inner)
   |              ^^^^^ could not find `event` in `sys`

error[E0433]: cannot find `event` in `sys`
  --> <cargo-home>/registry/src/index.crates.io-1949cf8c6b5b557f/mio-1.2.2/src/event/event.rs:99:14
   |
99 |         sys::event::is_read_closed(&self.inner)
   |              ^^^^^ could not find `event` in `sys`

error[E0433]: cannot find `event` in `sys`
   --> <cargo-home>/registry/src/index.crates.io-1949cf8c6b5b557f/mio-1.2.2/src/event/event.rs:129:14
    |
129 |         sys::event::is_write_closed(&self.inner)
    |              ^^^^^ could not find `event` in `sys`

error[E0433]: cannot find `event` in `sys`
   --> <cargo-home>/registry/src/index.crates.io-1949cf8c6b5b557f/mio-1.2.2/src/event/event.rs:151:14
    |
151 |         sys::event::is_priority(&self.inner)
    |              ^^^^^ could not find `event` in `sys`

error[E0433]: cannot find `event` in `sys`
   --> <cargo-home>/registry/src/index.crates.io-1949cf8c6b5b557f/mio-1.2.2/src/event/event.rs:173:14
    |
173 |         sys::event::is_aio(&self.inner)
    |              ^^^^^ could not find `event` in `sys`

error[E0433]: cannot find `event` in `sys`
   --> <cargo-home>/registry/src/index.crates.io-1949cf8c6b5b557f/mio-1.2.2/src/event/event.rs:183:14
    |
183 |         sys::event::is_lio(&self.inner)
    |              ^^^^^ could not find `event` in `sys`

error[E0433]: cannot find `event` in `sys`
   --> <cargo-home>/registry/src/index.crates.io-1949cf8c6b5b557f/mio-1.2.2/src/event/event.rs:221:26
    |
221 |                     sys::event::debug_details(f, self.0)
    |                          ^^^^^ could not find `event` in `sys`

error[E0433]: cannot find `tcp` in `sys`
   --> <cargo-home>/registry/src/index.crates.io-1949cf8c6b5b557f/mio-1.2.2/src/net/tcp/listener.rs:120:18
    |
120 |             sys::tcp::accept(inner).map(|(stream, addr)| (TcpStream::from_std(stream), addr))
    |                  ^^^ could not find `tcp` in `sys`

error[E0433]: cannot find `udp` in `sys`
   --> <cargo-home>/registry/src/index.crates.io-1949cf8c6b5b557f/mio-1.2.2/src/net/udp.rs:128:14
    |
128 |         sys::udp::bind(addr).map(UdpSocket::from_std)
    |              ^^^ could not find `udp` in `sys`

error[E0433]: cannot find `udp` in `sys`
   --> <cargo-home>/registry/src/index.crates.io-1949cf8c6b5b557f/mio-1.2.2/src/net/udp.rs:554:14
    |
554 |         sys::udp::only_v6(&self.inner)
    |              ^^^ could not find `udp` in `sys`

error[E0425]: cannot find type `Selector` in module `sys`
   --> <cargo-home>/registry/src/index.crates.io-1949cf8c6b5b557f/mio-1.2.2/src/poll.rs:277:20
    |
277 |     selector: sys::Selector,
    |                    ^^^^^^^^ not found in `sys`

error[E0425]: cannot find type `Selector` in module `sys`
   --> <cargo-home>/registry/src/index.crates.io-1949cf8c6b5b557f/mio-1.2.2/src/poll.rs:740:44
    |
740 |     pub(crate) fn selector(&self) -> &sys::Selector {
    |                                            ^^^^^^^^ not found in `sys`

error[E0425]: cannot find type `Waker` in module `sys`
  --> <cargo-home>/registry/src/index.crates.io-1949cf8c6b5b557f/mio-1.2.2/src/waker.rs:79:17
   |
79 |     inner: sys::Waker,
   |                 ^^^^^ not found in `sys`
   |
help: consider importing one of these structs
   |
 1 + use crate::Waker;
   |
 1 + use std::task::Waker;
   |
help: if you import `Waker`, refer to it directly
   |
79 -     inner: sys::Waker,
79 +     inner: Waker,
   |

error[E0433]: cannot find `Waker` in `sys`
  --> <cargo-home>/registry/src/index.crates.io-1949cf8c6b5b557f/mio-1.2.2/src/waker.rs:87:14
   |
87 |         sys::Waker::new(registry.selector(), token).map(|inner| Waker { inner })
   |              ^^^^^ could not find `Waker` in `sys`
   |
help: consider importing one of these structs
   |
 1 + use crate::Waker;
   |
 1 + use std::task::Waker;
   |
help: if you import `Waker`, refer to it directly
   |
87 -         sys::Waker::new(registry.selector(), token).map(|inner| Waker { inner })
87 +         Waker::new(registry.selector(), token).map(|inner| Waker { inner })
   |

error[E0425]: cannot find type `Event` in module `sys`
  --> <cargo-home>/registry/src/index.crates.io-1949cf8c6b5b557f/mio-1.2.2/src/event/event.rs:18:17
   |
18 |     inner: sys::Event,
   |                 ^^^^^ not found in `sys`
   |
help: consider importing this struct through its public re-export
   |
 1 + use crate::event::Event;
   |
help: if you import `Event`, refer to it directly
   |
18 -     inner: sys::Event,
18 +     inner: Event,
   |

error[E0425]: cannot find type `Event` in module `sys`
   --> <cargo-home>/registry/src/index.crates.io-1949cf8c6b5b557f/mio-1.2.2/src/event/event.rs:187:55
    |
187 |     pub(crate) fn from_sys_event_ref(sys_event: &sys::Event) -> &Event {
    |                                                       ^^^^^ not found in `sys`
    |
help: consider importing this struct through its public re-export
    |
  1 + use crate::event::Event;
    |
help: if you import `Event`, refer to it directly
    |
187 -     pub(crate) fn from_sys_event_ref(sys_event: &sys::Event) -> &Event {
187 +     pub(crate) fn from_sys_event_ref(sys_event: &Event) -> &Event {
    |

error[E0425]: cannot find type `Event` in module `sys`
   --> <cargo-home>/registry/src/index.crates.io-1949cf8c6b5b557f/mio-1.2.2/src/event/event.rs:191:41
    |
191 |             &*(sys_event as *const sys::Event as *const Event)
    |                                         ^^^^^ not found in `sys`
    |
help: consider importing this struct through its public re-export
    |
  1 + use crate::event::Event;
    |
help: if you import `Event`, refer to it directly
    |
191 -             &*(sys_event as *const sys::Event as *const Event)
191 +             &*(sys_event as *const Event as *const Event)
    |

error[E0425]: cannot find type `Event` in module `sys`
   --> <cargo-home>/registry/src/index.crates.io-1949cf8c6b5b557f/mio-1.2.2/src/event/event.rs:217:46
    |
217 |             struct EventDetails<'a>(&'a sys::Event);
    |                                              ^^^^^ not found in `sys`
    |
help: consider importing this struct through its public re-export
    |
  1 + use crate::event::Event;
    |
help: if you import `Event`, refer to it directly
    |
217 -             struct EventDetails<'a>(&'a sys::Event);
217 +             struct EventDetails<'a>(&'a Event);
    |

error[E0425]: cannot find type `Events` in module `sys`
  --> <cargo-home>/registry/src/index.crates.io-1949cf8c6b5b557f/mio-1.2.2/src/event/events.rs:43:17
   |
43 |     inner: sys::Events,
   |                 ^^^^^^ not found in `sys`
   |
help: consider importing this struct through its public re-export
   |
 1 + use crate::Events;
   |
help: if you import `Events`, refer to it directly
   |
43 -     inner: sys::Events,
43 +     inner: Events,
   |

error[E0433]: cannot find `Events` in `sys`
  --> <cargo-home>/registry/src/index.crates.io-1949cf8c6b5b557f/mio-1.2.2/src/event/events.rs:94:25
   |
94 |             inner: sys::Events::with_capacity(capacity),
   |                         ^^^^^^ could not find `Events` in `sys`
   |
help: consider importing this struct through its public re-export
   |
 1 + use crate::Events;
   |
help: if you import `Events`, refer to it directly
   |
94 -             inner: sys::Events::with_capacity(capacity),
94 +             inner: Events::with_capacity(capacity),
   |

error[E0425]: cannot find type `Events` in module `sys`
   --> <cargo-home>/registry/src/index.crates.io-1949cf8c6b5b557f/mio-1.2.2/src/event/events.rs:189:47
    |
189 |     pub(crate) fn sys(&mut self) -> &mut sys::Events {
    |                                               ^^^^^^ not found in `sys`
    |
help: consider importing this struct through its public re-export
    |
  1 + use crate::Events;
    |
help: if you import `Events`, refer to it directly
    |
189 -     pub(crate) fn sys(&mut self) -> &mut sys::Events {
189 +     pub(crate) fn sys(&mut self) -> &mut Events {
    |

error[E0425]: cannot find value `listener` in this scope
  --> <cargo-home>/registry/src/index.crates.io-1949cf8c6b5b557f/mio-1.2.2/src/net/tcp/listener.rs:82:24
   |
82 |         set_reuseaddr(&listener.inner, true)?;
   |                        ^^^^^^^^ not found in this scope

error[E0425]: cannot find value `listener` in this scope
  --> <cargo-home>/registry/src/index.crates.io-1949cf8c6b5b557f/mio-1.2.2/src/net/tcp/listener.rs:84:15
   |
84 |         bind(&listener.inner, addr)?;
   |               ^^^^^^^^ not found in this scope

error[E0425]: cannot find value `listener` in this scope
  --> <cargo-home>/registry/src/index.crates.io-1949cf8c6b5b557f/mio-1.2.2/src/net/tcp/listener.rs:94:17
   |
94 |         listen(&listener.inner, backlog)?;
   |                 ^^^^^^^^ not found in this scope

error[E0425]: cannot find value `listener` in this scope
  --> <cargo-home>/registry/src/index.crates.io-1949cf8c6b5b557f/mio-1.2.2/src/net/tcp/listener.rs:95:12
   |
95 |         Ok(listener)
   |            ^^^^^^^^ not found in this scope

error[E0425]: cannot find value `stream` in this scope
  --> <cargo-home>/registry/src/index.crates.io-1949cf8c6b5b557f/mio-1.2.2/src/net/tcp/stream.rs:97:18
   |
97 |         connect(&stream.inner, addr)?;
   |                  ^^^^^^ not found in this scope

error[E0425]: cannot find value `stream` in this scope
  --> <cargo-home>/registry/src/index.crates.io-1949cf8c6b5b557f/mio-1.2.2/src/net/tcp/stream.rs:98:12
   |
98 |         Ok(stream)
   |            ^^^^^^ not found in this scope

error[E0425]: cannot find function `set_reuseaddr` in this scope
  --> <cargo-home>/registry/src/index.crates.io-1949cf8c6b5b557f/mio-1.2.2/src/net/tcp/listener.rs:82:9
   |
82 |         set_reuseaddr(&listener.inner, true)?;
   |         ^^^^^^^^^^^^^ not found in this scope

error[E0599]: no method named `register` found for struct `IoSource<std::net::TcpListener>` in the current scope
   --> <cargo-home>/registry/src/index.crates.io-1949cf8c6b5b557f/mio-1.2.2/src/net/tcp/listener.rs:163:20
    |
163 |         self.inner.register(registry, token, interests)
    |                    ^^^^^^^^ method not found in `IoSource<std::net::TcpListener>`
    |
   ::: <cargo-home>/registry/src/index.crates.io-1949cf8c6b5b557f/mio-1.2.2/src/io_source.rs:37:1
    |
 37 | pub struct IoSource<T> {
    | ---------------------- method `register` not found for this struct
    |
    = help: items from traits can only be used if the trait is implemented and in scope
note: `Source` defines an item `register`, perhaps you need to implement it
   --> <cargo-home>/registry/src/index.crates.io-1949cf8c6b5b557f/mio-1.2.2/src/event/source.rs:75:1
    |
 75 | pub trait Source {
    | ^^^^^^^^^^^^^^^^

error[E0599]: no method named `reregister` found for struct `IoSource<std::net::TcpListener>` in the current scope
   --> <cargo-home>/registry/src/index.crates.io-1949cf8c6b5b557f/mio-1.2.2/src/net/tcp/listener.rs:172:20
    |
172 |         self.inner.reregister(registry, token, interests)
    |                    ^^^^^^^^^^ method not found in `IoSource<std::net::TcpListener>`
    |
   ::: <cargo-home>/registry/src/index.crates.io-1949cf8c6b5b557f/mio-1.2.2/src/io_source.rs:37:1
    |
 37 | pub struct IoSource<T> {
    | ---------------------- method `reregister` not found for this struct
    |
    = help: items from traits can only be used if the trait is implemented and in scope
note: `Source` defines an item `reregister`, perhaps you need to implement it
   --> <cargo-home>/registry/src/index.crates.io-1949cf8c6b5b557f/mio-1.2.2/src/event/source.rs:75:1
    |
 75 | pub trait Source {
    | ^^^^^^^^^^^^^^^^

error[E0599]: no method named `deregister` found for struct `IoSource<std::net::TcpListener>` in the current scope
   --> <cargo-home>/registry/src/index.crates.io-1949cf8c6b5b557f/mio-1.2.2/src/net/tcp/listener.rs:176:20
    |
176 |         self.inner.deregister(registry)
    |                    ^^^^^^^^^^ method not found in `IoSource<std::net::TcpListener>`
    |
   ::: <cargo-home>/registry/src/index.crates.io-1949cf8c6b5b557f/mio-1.2.2/src/io_source.rs:37:1
    |
 37 | pub struct IoSource<T> {
    | ---------------------- method `deregister` not found for this struct
    |
    = help: items from traits can only be used if the trait is implemented and in scope
note: `Source` defines an item `deregister`, perhaps you need to implement it
   --> <cargo-home>/registry/src/index.crates.io-1949cf8c6b5b557f/mio-1.2.2/src/event/source.rs:75:1
    |
 75 | pub trait Source {
    | ^^^^^^^^^^^^^^^^

error[E0308]: mismatched types
   --> <cargo-home>/registry/src/index.crates.io-1949cf8c6b5b557f/mio-1.2.2/src/net/tcp/listener.rs:299:9
    |
299 | /         unsafe {
300 | |             #[cfg(any(unix, target_os = "hermit", target_os = "wasi"))]
301 | |             {
302 | |                 net::TcpListener::from_raw_fd(listener.into_raw_fd())
...   |
308 | |         }
    | |_________^ expected `TcpListener`, found `()`

error[E0599]: no method named `register` found for struct `IoSource<std::net::TcpStream>` in the current scope
   --> <cargo-home>/registry/src/index.crates.io-1949cf8c6b5b557f/mio-1.2.2/src/net/tcp/stream.rs:334:20
    |
334 |         self.inner.register(registry, token, interests)
    |                    ^^^^^^^^ method not found in `IoSource<std::net::TcpStream>`
    |
   ::: <cargo-home>/registry/src/index.crates.io-1949cf8c6b5b557f/mio-1.2.2/src/io_source.rs:37:1
    |
 37 | pub struct IoSource<T> {
    | ---------------------- method `register` not found for this struct
    |
    = help: items from traits can only be used if the trait is implemented and in scope
note: `Source` defines an item `register`, perhaps you need to implement it
   --> <cargo-home>/registry/src/index.crates.io-1949cf8c6b5b557f/mio-1.2.2/src/event/source.rs:75:1
    |
 75 | pub trait Source {
    | ^^^^^^^^^^^^^^^^

error[E0599]: no method named `reregister` found for struct `IoSource<std::net::TcpStream>` in the current scope
   --> <cargo-home>/registry/src/index.crates.io-1949cf8c6b5b557f/mio-1.2.2/src/net/tcp/stream.rs:343:20
    |
343 |         self.inner.reregister(registry, token, interests)
    |                    ^^^^^^^^^^ method not found in `IoSource<std::net::TcpStream>`
    |
   ::: <cargo-home>/registry/src/index.crates.io-1949cf8c6b5b557f/mio-1.2.2/src/io_source.rs:37:1
    |
 37 | pub struct IoSource<T> {
    | ---------------------- method `reregister` not found for this struct
    |
    = help: items from traits can only be used if the trait is implemented and in scope
note: `Source` defines an item `reregister`, perhaps you need to implement it
   --> <cargo-home>/registry/src/index.crates.io-1949cf8c6b5b557f/mio-1.2.2/src/event/source.rs:75:1
    |
 75 | pub trait Source {
    | ^^^^^^^^^^^^^^^^

error[E0599]: no method named `deregister` found for struct `IoSource<std::net::TcpStream>` in the current scope
   --> <cargo-home>/registry/src/index.crates.io-1949cf8c6b5b557f/mio-1.2.2/src/net/tcp/stream.rs:347:20
    |
347 |         self.inner.deregister(registry)
    |                    ^^^^^^^^^^ method not found in `IoSource<std::net::TcpStream>`
    |
   ::: <cargo-home>/registry/src/index.crates.io-1949cf8c6b5b557f/mio-1.2.2/src/io_source.rs:37:1
    |
 37 | pub struct IoSource<T> {
    | ---------------------- method `deregister` not found for this struct
    |
    = help: items from traits can only be used if the trait is implemented and in scope
note: `Source` defines an item `deregister`, perhaps you need to implement it
   --> <cargo-home>/registry/src/index.crates.io-1949cf8c6b5b557f/mio-1.2.2/src/event/source.rs:75:1
    |
 75 | pub trait Source {
    | ^^^^^^^^^^^^^^^^

error[E0308]: mismatched types
   --> <cargo-home>/registry/src/index.crates.io-1949cf8c6b5b557f/mio-1.2.2/src/net/tcp/stream.rs:470:9
    |
470 | /         unsafe {
471 | |             #[cfg(any(unix, target_os = "hermit", target_os = "wasi"))]
472 | |             {
473 | |                 net::TcpStream::from_raw_fd(stream.into_raw_fd())
...   |
479 | |         }
    | |_________^ expected `TcpStream`, found `()`

error[E0599]: no method named `register` found for struct `IoSource<std::net::UdpSocket>` in the current scope
   --> <cargo-home>/registry/src/index.crates.io-1949cf8c6b5b557f/mio-1.2.2/src/net/udp.rs:632:20
    |
632 |         self.inner.register(registry, token, interests)
    |                    ^^^^^^^^ method not found in `IoSource<std::net::UdpSocket>`
    |
   ::: <cargo-home>/registry/src/index.crates.io-1949cf8c6b5b557f/mio-1.2.2/src/io_source.rs:37:1
    |
 37 | pub struct IoSource<T> {
    | ---------------------- method `register` not found for this struct
    |
    = help: items from traits can only be used if the trait is implemented and in scope
note: `Source` defines an item `register`, perhaps you need to implement it
   --> <cargo-home>/registry/src/index.crates.io-1949cf8c6b5b557f/mio-1.2.2/src/event/source.rs:75:1
    |
 75 | pub trait Source {
    | ^^^^^^^^^^^^^^^^

error[E0599]: no method named `reregister` found for struct `IoSource<std::net::UdpSocket>` in the current scope
   --> <cargo-home>/registry/src/index.crates.io-1949cf8c6b5b557f/mio-1.2.2/src/net/udp.rs:641:20
    |
641 |         self.inner.reregister(registry, token, interests)
    |                    ^^^^^^^^^^ method not found in `IoSource<std::net::UdpSocket>`
    |
   ::: <cargo-home>/registry/src/index.crates.io-1949cf8c6b5b557f/mio-1.2.2/src/io_source.rs:37:1
    |
 37 | pub struct IoSource<T> {
    | ---------------------- method `reregister` not found for this struct
    |
    = help: items from traits can only be used if the trait is implemented and in scope
note: `Source` defines an item `reregister`, perhaps you need to implement it
   --> <cargo-home>/registry/src/index.crates.io-1949cf8c6b5b557f/mio-1.2.2/src/event/source.rs:75:1
    |
 75 | pub trait Source {
    | ^^^^^^^^^^^^^^^^

error[E0599]: no method named `deregister` found for struct `IoSource<std::net::UdpSocket>` in the current scope
   --> <cargo-home>/registry/src/index.crates.io-1949cf8c6b5b557f/mio-1.2.2/src/net/udp.rs:645:20
    |
645 |         self.inner.deregister(registry)
    |                    ^^^^^^^^^^ method not found in `IoSource<std::net::UdpSocket>`
    |
   ::: <cargo-home>/registry/src/index.crates.io-1949cf8c6b5b557f/mio-1.2.2/src/io_source.rs:37:1
    |
 37 | pub struct IoSource<T> {
    | ---------------------- method `deregister` not found for this struct
    |
    = help: items from traits can only be used if the trait is implemented and in scope
note: `Source` defines an item `deregister`, perhaps you need to implement it
   --> <cargo-home>/registry/src/index.crates.io-1949cf8c6b5b557f/mio-1.2.2/src/event/source.rs:75:1
    |
 75 | pub trait Source {
    | ^^^^^^^^^^^^^^^^

error[E0308]: mismatched types
   --> <cargo-home>/registry/src/index.crates.io-1949cf8c6b5b557f/mio-1.2.2/src/net/udp.rs:768:9
    |
768 | /         unsafe {
769 | |             #[cfg(any(unix, target_os = "hermit", target_os = "wasi"))]
770 | |             {
771 | |                 net::UdpSocket::from_raw_fd(socket.into_raw_fd())
...   |
777 | |         }
    | |_________^ expected `UdpSocket`, found `()`

Some errors have detailed explanations: E0308, E0425, E0432, E0433, E0599.
For more information about an error, try `rustc --explain E0308`.
error: could not compile `mio` (lib) due to 48 previous errors
warning: build failed, waiting for other jobs to finish...
warning: ring@0.17.14: error: unable to create target: 'No available targets are compatible with triple "wasm32-unknown-unknown"'
warning: ring@0.17.14: 1 error generated.
warning: ring@0.17.14: ToolExecError: command did not execute successfully (status code exit status: 1): LC_ALL="C" "clang" "-O0" "-ffunction-sections" "-fdata-sections" "-g" "-fno-omit-frame-pointer" "--target=wasm32-unknown-unknown" "-I" "<cargo-home>/registry/src/index.crates.io-1949cf8c6b5b557f/ring-0.17.14/include" "-I" "<cargo-home>/registry/src/index.crates.io-1949cf8c6b5b557f/ring-0.17.14/pregenerated" "-Wall" "-Wextra" "-fvisibility=hidden" "-std=c1x" "-Wall" "-Wbad-function-cast" "-Wcast-align" "-Wcast-qual" "-Wconversion" "-Wmissing-field-initializers" "-Wmissing-include-dirs" "-Wnested-externs" "-Wredundant-decls" "-Wshadow" "-Wsign-compare" "-Wsign-conversion" "-Wstrict-prototypes" "-Wundef" "-Wuninitialized" "-g3" "-nostdlibinc" "-DNDEBUG" "-DRING_CORE_NOSTDLIBINC=1" "-o" "<workspace>/work/iw4l-target/wasm32-unknown-unknown/debug/build/ring-8be21e4100122c32/out/25ac62e5b3c53843-curve25519.o" "-c" "<cargo-home>/registry/src/index.crates.io-1949cf8c6b5b557f/ring-0.17.14/crypto/curve25519/curve25519.c"cargo:warning=error: unable to create target: 'No available targets are compatible with triple "wasm32-unknown-unknown"'
warning: ring@0.17.14: 1 error generated.
warning: ring@0.17.14: ToolExecError: command did not execute successfully (status code exit status: 1): LC_ALL="C" "clang" "-O0" "-ffunction-sections" "-fdata-sections" "-g" "-fno-omit-frame-pointer" "--target=wasm32-unknown-unknown" "-I" "<cargo-home>/registry/src/index.crates.io-1949cf8c6b5b557f/ring-0.17.14/include" "-I" "<cargo-home>/registry/src/index.crates.io-1949cf8c6b5b557f/ring-0.17.14/pregenerated" "-Wall" "-Wextra" "-fvisibility=hidden" "-std=c1x" "-Wall" "-Wbad-function-cast" "-Wcast-align" "-Wcast-qual" "-Wconversion" "-Wmissing-field-initializers" "-Wmissing-include-dirs" "-Wnested-externs" "-Wredundant-decls" "-Wshadow" "-Wsign-compare" "-Wsign-conversion" "-Wstrict-prototypes" "-Wundef" "-Wuninitialized" "-g3" "-nostdlibinc" "-DNDEBUG" "-DRING_CORE_NOSTDLIBINC=1" "-o" "<workspace>/work/iw4l-target/wasm32-unknown-unknown/debug/build/ring-8be21e4100122c32/out/0bbbd18bda93c05b-aes_nohw.o" "-c" "<cargo-home>/registry/src/index.crates.io-1949cf8c6b5b557f/ring-0.17.14/crypto/fipsmodule/aes/aes_nohw.c"cargo:warning=error: unable to create target: 'No available targets are compatible with triple "wasm32-unknown-unknown"'
warning: ring@0.17.14: 1 error generated.
warning: ring@0.17.14: ToolExecError: command did not execute successfully (status code exit status: 1): LC_ALL="C" "clang" "-O0" "-ffunction-sections" "-fdata-sections" "-g" "-fno-omit-frame-pointer" "--target=wasm32-unknown-unknown" "-I" "<cargo-home>/registry/src/index.crates.io-1949cf8c6b5b557f/ring-0.17.14/include" "-I" "<cargo-home>/registry/src/index.crates.io-1949cf8c6b5b557f/ring-0.17.14/pregenerated" "-Wall" "-Wextra" "-fvisibility=hidden" "-std=c1x" "-Wall" "-Wbad-function-cast" "-Wcast-align" "-Wcast-qual" "-Wconversion" "-Wmissing-field-initializers" "-Wmissing-include-dirs" "-Wnested-externs" "-Wredundant-decls" "-Wshadow" "-Wsign-compare" "-Wsign-conversion" "-Wstrict-prototypes" "-Wundef" "-Wuninitialized" "-g3" "-nostdlibinc" "-DNDEBUG" "-DRING_CORE_NOSTDLIBINC=1" "-o" "<workspace>/work/iw4l-target/wasm32-unknown-unknown/debug/build/ring-8be21e4100122c32/out/00c879ee3285a50d-montgomery.o" "-c" "<cargo-home>/registry/src/index.crates.io-1949cf8c6b5b557f/ring-0.17.14/crypto/fipsmodule/bn/montgomery.c"cargo:warning=error: unable to create target: 'No available targets are compatible with triple "wasm32-unknown-unknown"'
warning: ring@0.17.14: 1 error generated.
warning: ring@0.17.14: ToolExecError: command did not execute successfully (status code exit status: 1): LC_ALL="C" "clang" "-O0" "-ffunction-sections" "-fdata-sections" "-g" "-fno-omit-frame-pointer" "--target=wasm32-unknown-unknown" "-I" "<cargo-home>/registry/src/index.crates.io-1949cf8c6b5b557f/ring-0.17.14/include" "-I" "<cargo-home>/registry/src/index.crates.io-1949cf8c6b5b557f/ring-0.17.14/pregenerated" "-Wall" "-Wextra" "-fvisibility=hidden" "-std=c1x" "-Wall" "-Wbad-function-cast" "-Wcast-align" "-Wcast-qual" "-Wconversion" "-Wmissing-field-initializers" "-Wmissing-include-dirs" "-Wnested-externs" "-Wredundant-decls" "-Wshadow" "-Wsign-compare" "-Wsign-conversion" "-Wstrict-prototypes" "-Wundef" "-Wuninitialized" "-g3" "-nostdlibinc" "-DNDEBUG" "-DRING_CORE_NOSTDLIBINC=1" "-o" "<workspace>/work/iw4l-target/wasm32-unknown-unknown/debug/build/ring-8be21e4100122c32/out/00c879ee3285a50d-montgomery_inv.o" "-c" "<cargo-home>/registry/src/index.crates.io-1949cf8c6b5b557f/ring-0.17.14/crypto/fipsmodule/bn/montgomery_inv.c"cargo:warning=error: unable to create target: 'No available targets are compatible with triple "wasm32-unknown-unknown"'
warning: ring@0.17.14: 1 error generated.
warning: ring@0.17.14: ToolExecError: command did not execute successfully (status code exit status: 1): LC_ALL="C" "clang" "-O0" "-ffunction-sections" "-fdata-sections" "-g" "-fno-omit-frame-pointer" "--target=wasm32-unknown-unknown" "-I" "<cargo-home>/registry/src/index.crates.io-1949cf8c6b5b557f/ring-0.17.14/include" "-I" "<cargo-home>/registry/src/index.crates.io-1949cf8c6b5b557f/ring-0.17.14/pregenerated" "-Wall" "-Wextra" "-fvisibility=hidden" "-std=c1x" "-Wall" "-Wbad-function-cast" "-Wcast-align" "-Wcast-qual" "-Wconversion" "-Wmissing-field-initializers" "-Wmissing-include-dirs" "-Wnested-externs" "-Wredundant-decls" "-Wshadow" "-Wsign-compare" "-Wsign-conversion" "-Wstrict-prototypes" "-Wundef" "-Wuninitialized" "-g3" "-nostdlibinc" "-DNDEBUG" "-DRING_CORE_NOSTDLIBINC=1" "-o" "<workspace>/work/iw4l-target/wasm32-unknown-unknown/debug/build/ring-8be21e4100122c32/out/a0330e891e733f4e-ecp_nistz.o" "-c" "<cargo-home>/registry/src/index.crates.io-1949cf8c6b5b557f/ring-0.17.14/crypto/fipsmodule/ec/ecp_nistz.c"cargo:warning=error: unable to create target: 'No available targets are compatible with triple "wasm32-unknown-unknown"'
warning: ring@0.17.14: 1 error generated.
warning: ring@0.17.14: ToolExecError: command did not execute successfully (status code exit status: 1): LC_ALL="C" "clang" "-O0" "-ffunction-sections" "-fdata-sections" "-g" "-fno-omit-frame-pointer" "--target=wasm32-unknown-unknown" "-I" "<cargo-home>/registry/src/index.crates.io-1949cf8c6b5b557f/ring-0.17.14/include" "-I" "<cargo-home>/registry/src/index.crates.io-1949cf8c6b5b557f/ring-0.17.14/pregenerated" "-Wall" "-Wextra" "-fvisibility=hidden" "-std=c1x" "-Wall" "-Wbad-function-cast" "-Wcast-align" "-Wcast-qual" "-Wconversion" "-Wmissing-field-initializers" "-Wmissing-include-dirs" "-Wnested-externs" "-Wredundant-decls" "-Wshadow" "-Wsign-compare" "-Wsign-conversion" "-Wstrict-prototypes" "-Wundef" "-Wuninitialized" "-g3" "-nostdlibinc" "-DNDEBUG" "-DRING_CORE_NOSTDLIBINC=1" "-o" "<workspace>/work/iw4l-target/wasm32-unknown-unknown/debug/build/ring-8be21e4100122c32/out/a0330e891e733f4e-gfp_p256.o" "-c" "<cargo-home>/registry/src/index.crates.io-1949cf8c6b5b557f/ring-0.17.14/crypto/fipsmodule/ec/gfp_p256.c"cargo:warning=error: unable to create target: 'No available targets are compatible with triple "wasm32-unknown-unknown"'
warning: ring@0.17.14: 1 error generated.
warning: ring@0.17.14: ToolExecError: command did not execute successfully (status code exit status: 1): LC_ALL="C" "clang" "-O0" "-ffunction-sections" "-fdata-sections" "-g" "-fno-omit-frame-pointer" "--target=wasm32-unknown-unknown" "-I" "<cargo-home>/registry/src/index.crates.io-1949cf8c6b5b557f/ring-0.17.14/include" "-I" "<cargo-home>/registry/src/index.crates.io-1949cf8c6b5b557f/ring-0.17.14/pregenerated" "-Wall" "-Wextra" "-fvisibility=hidden" "-std=c1x" "-Wall" "-Wbad-function-cast" "-Wcast-align" "-Wcast-qual" "-Wconversion" "-Wmissing-field-initializers" "-Wmissing-include-dirs" "-Wnested-externs" "-Wredundant-decls" "-Wshadow" "-Wsign-compare" "-Wsign-conversion" "-Wstrict-prototypes" "-Wundef" "-Wuninitialized" "-g3" "-nostdlibinc" "-DNDEBUG" "-DRING_CORE_NOSTDLIBINC=1" "-o" "<workspace>/work/iw4l-target/wasm32-unknown-unknown/debug/build/ring-8be21e4100122c32/out/a0330e891e733f4e-gfp_p384.o" "-c" "<cargo-home>/registry/src/index.crates.io-1949cf8c6b5b557f/ring-0.17.14/crypto/fipsmodule/ec/gfp_p384.c"cargo:warning=error: unable to create target: 'No available targets are compatible with triple "wasm32-unknown-unknown"'
warning: ring@0.17.14: 1 error generated.
warning: ring@0.17.14: ToolExecError: command did not execute successfully (status code exit status: 1): LC_ALL="C" "clang" "-O0" "-ffunction-sections" "-fdata-sections" "-g" "-fno-omit-frame-pointer" "--target=wasm32-unknown-unknown" "-I" "<cargo-home>/registry/src/index.crates.io-1949cf8c6b5b557f/ring-0.17.14/include" "-I" "<cargo-home>/registry/src/index.crates.io-1949cf8c6b5b557f/ring-0.17.14/pregenerated" "-Wall" "-Wextra" "-fvisibility=hidden" "-std=c1x" "-Wall" "-Wbad-function-cast" "-Wcast-align" "-Wcast-qual" "-Wconversion" "-Wmissing-field-initializers" "-Wmissing-include-dirs" "-Wnested-externs" "-Wredundant-decls" "-Wshadow" "-Wsign-compare" "-Wsign-conversion" "-Wstrict-prototypes" "-Wundef" "-Wuninitialized" "-g3" "-nostdlibinc" "-DNDEBUG" "-DRING_CORE_NOSTDLIBINC=1" "-o" "<workspace>/work/iw4l-target/wasm32-unknown-unknown/debug/build/ring-8be21e4100122c32/out/a0330e891e733f4e-p256.o" "-c" "<cargo-home>/registry/src/index.crates.io-1949cf8c6b5b557f/ring-0.17.14/crypto/fipsmodule/ec/p256.c"cargo:warning=error: unable to create target: 'No available targets are compatible with triple "wasm32-unknown-unknown"'
warning: ring@0.17.14: 1 error generated.
warning: ring@0.17.14: ToolExecError: command did not execute successfully (status code exit status: 1): LC_ALL="C" "clang" "-O0" "-ffunction-sections" "-fdata-sections" "-g" "-fno-omit-frame-pointer" "--target=wasm32-unknown-unknown" "-I" "<cargo-home>/registry/src/index.crates.io-1949cf8c6b5b557f/ring-0.17.14/include" "-I" "<cargo-home>/registry/src/index.crates.io-1949cf8c6b5b557f/ring-0.17.14/pregenerated" "-Wall" "-Wextra" "-fvisibility=hidden" "-std=c1x" "-Wall" "-Wbad-function-cast" "-Wcast-align" "-Wcast-qual" "-Wconversion" "-Wmissing-field-initializers" "-Wmissing-include-dirs" "-Wnested-externs" "-Wredundant-decls" "-Wshadow" "-Wsign-compare" "-Wsign-conversion" "-Wstrict-prototypes" "-Wundef" "-Wuninitialized" "-g3" "-nostdlibinc" "-DNDEBUG" "-DRING_CORE_NOSTDLIBINC=1" "-o" "<workspace>/work/iw4l-target/wasm32-unknown-unknown/debug/build/ring-8be21e4100122c32/out/aaa1ba3e455ee2e1-limbs.o" "-c" "<cargo-home>/registry/src/index.crates.io-1949cf8c6b5b557f/ring-0.17.14/crypto/limbs/limbs.c"cargo:warning=error: unable to create target: 'No available targets are compatible with triple "wasm32-unknown-unknown"'
warning: ring@0.17.14: 1 error generated.
warning: ring@0.17.14: ToolExecError: command did not execute successfully (status code exit status: 1): LC_ALL="C" "clang" "-O0" "-ffunction-sections" "-fdata-sections" "-g" "-fno-omit-frame-pointer" "--target=wasm32-unknown-unknown" "-I" "<cargo-home>/registry/src/index.crates.io-1949cf8c6b5b557f/ring-0.17.14/include" "-I" "<cargo-home>/registry/src/index.crates.io-1949cf8c6b5b557f/ring-0.17.14/pregenerated" "-Wall" "-Wextra" "-fvisibility=hidden" "-std=c1x" "-Wall" "-Wbad-function-cast" "-Wcast-align" "-Wcast-qual" "-Wconversion" "-Wmissing-field-initializers" "-Wmissing-include-dirs" "-Wnested-externs" "-Wredundant-decls" "-Wshadow" "-Wsign-compare" "-Wsign-conversion" "-Wstrict-prototypes" "-Wundef" "-Wuninitialized" "-g3" "-nostdlibinc" "-DNDEBUG" "-DRING_CORE_NOSTDLIBINC=1" "-o" "<workspace>/work/iw4l-target/wasm32-unknown-unknown/debug/build/ring-8be21e4100122c32/out/a4019cc0736b0423-mem.o" "-c" "<cargo-home>/registry/src/index.crates.io-1949cf8c6b5b557f/ring-0.17.14/crypto/mem.c"cargo:warning=error: unable to create target: 'No available targets are compatible with triple "wasm32-unknown-unknown"'
warning: ring@0.17.14: 1 error generated.
warning: ring@0.17.14: ToolExecError: command did not execute successfully (status code exit status: 1): LC_ALL="C" "clang" "-O0" "-ffunction-sections" "-fdata-sections" "-g" "-fno-omit-frame-pointer" "--target=wasm32-unknown-unknown" "-I" "<cargo-home>/registry/src/index.crates.io-1949cf8c6b5b557f/ring-0.17.14/include" "-I" "<cargo-home>/registry/src/index.crates.io-1949cf8c6b5b557f/ring-0.17.14/pregenerated" "-Wall" "-Wextra" "-fvisibility=hidden" "-std=c1x" "-Wall" "-Wbad-function-cast" "-Wcast-align" "-Wcast-qual" "-Wconversion" "-Wmissing-field-initializers" "-Wmissing-include-dirs" "-Wnested-externs" "-Wredundant-decls" "-Wshadow" "-Wsign-compare" "-Wsign-conversion" "-Wstrict-prototypes" "-Wundef" "-Wuninitialized" "-g3" "-nostdlibinc" "-DNDEBUG" "-DRING_CORE_NOSTDLIBINC=1" "-o" "<workspace>/work/iw4l-target/wasm32-unknown-unknown/debug/build/ring-8be21e4100122c32/out/d5a9841f3dc6e253-poly1305.o" "-c" "<cargo-home>/registry/src/index.crates.io-1949cf8c6b5b557f/ring-0.17.14/crypto/poly1305/poly1305.c"
error: failed to run custom build command for `ring v0.17.14`

Caused by:
  process didn't exit successfully: `<workspace>/work/iw4l-target/debug/build/ring-6e88c72d0d0ad90b/build-script-build` (exit status: 1)
  --- stdout
  cargo:rerun-if-env-changed=CARGO_MANIFEST_DIR
  cargo:rerun-if-env-changed=CARGO_PKG_NAME
  cargo:rerun-if-env-changed=CARGO_PKG_VERSION_MAJOR
  cargo:rerun-if-env-changed=CARGO_PKG_VERSION_MINOR
  cargo:rerun-if-env-changed=CARGO_PKG_VERSION_PATCH
  cargo:rerun-if-env-changed=CARGO_PKG_VERSION_PRE
  cargo:rerun-if-env-changed=CARGO_MANIFEST_LINKS
  cargo:rerun-if-env-changed=RING_PREGENERATE_ASM
  cargo:rerun-if-env-changed=OUT_DIR
  cargo:rerun-if-env-changed=CARGO_CFG_TARGET_ARCH
  cargo:rerun-if-env-changed=CARGO_CFG_TARGET_OS
  cargo:rerun-if-env-changed=CARGO_CFG_TARGET_ENV
  cargo:rerun-if-env-changed=CARGO_CFG_TARGET_ENDIAN
  cargo:rerun-if-env-changed=CC_wasm32-unknown-unknown
  CC_wasm32-unknown-unknown = None
  cargo:rerun-if-env-changed=CC_wasm32_unknown_unknown
  CC_wasm32_unknown_unknown = None
  cargo:rerun-if-env-changed=TARGET_CC
  TARGET_CC = None
  cargo:rerun-if-env-changed=CC
  CC = None
  cargo:rerun-if-env-changed=CC_ENABLE_DEBUG_OUTPUT
  cargo:rerun-if-env-changed=CRATE_CC_NO_DEFAULTS
  CRATE_CC_NO_DEFAULTS = None
  cargo:rerun-if-env-changed=CFLAGS
  CFLAGS = None
  cargo:rerun-if-env-changed=TARGET_CFLAGS
  TARGET_CFLAGS = None
  cargo:rerun-if-env-changed=CFLAGS_wasm32_unknown_unknown
  CFLAGS_wasm32_unknown_unknown = None
  cargo:rerun-if-env-changed=CFLAGS_wasm32-unknown-unknown
  CFLAGS_wasm32-unknown-unknown = None
  cargo:warning=error: unable to create target: 'No available targets are compatible with triple "wasm32-unknown-unknown"'
  cargo:warning=1 error generated.
  exit status: 1
  cargo:warning=ToolExecError: command did not execute successfully (status code exit status: 1): LC_ALL="C" "clang" "-O0" "-ffunction-sections" "-fdata-sections" "-g" "-fno-omit-frame-pointer" "--target=wasm32-unknown-unknown" "-I" "<cargo-home>/registry/src/index.crates.io-1949cf8c6b5b557f/ring-0.17.14/include" "-I" "<cargo-home>/registry/src/index.crates.io-1949cf8c6b5b557f/ring-0.17.14/pregenerated" "-Wall" "-Wextra" "-fvisibility=hidden" "-std=c1x" "-Wall" "-Wbad-function-cast" "-Wcast-align" "-Wcast-qual" "-Wconversion" "-Wmissing-field-initializers" "-Wmissing-include-dirs" "-Wnested-externs" "-Wredundant-decls" "-Wshadow" "-Wsign-compare" "-Wsign-conversion" "-Wstrict-prototypes" "-Wundef" "-Wuninitialized" "-g3" "-nostdlibinc" "-DNDEBUG" "-DRING_CORE_NOSTDLIBINC=1" "-o" "<workspace>/work/iw4l-target/wasm32-unknown-unknown/debug/build/ring-8be21e4100122c32/out/25ac62e5b3c53843-curve25519.o" "-c" "<cargo-home>/registry/src/index.crates.io-1949cf8c6b5b557f/ring-0.17.14/crypto/curve25519/curve25519.c"cargo:warning=error: unable to create target: 'No available targets are compatible with triple "wasm32-unknown-unknown"'
  cargo:warning=1 error generated.

  exit status: 1
  cargo:warning=ToolExecError: command did not execute successfully (status code exit status: 1): LC_ALL="C" "clang" "-O0" "-ffunction-sections" "-fdata-sections" "-g" "-fno-omit-frame-pointer" "--target=wasm32-unknown-unknown" "-I" "<cargo-home>/registry/src/index.crates.io-1949cf8c6b5b557f/ring-0.17.14/include" "-I" "<cargo-home>/registry/src/index.crates.io-1949cf8c6b5b557f/ring-0.17.14/pregenerated" "-Wall" "-Wextra" "-fvisibility=hidden" "-std=c1x" "-Wall" "-Wbad-function-cast" "-Wcast-align" "-Wcast-qual" "-Wconversion" "-Wmissing-field-initializers" "-Wmissing-include-dirs" "-Wnested-externs" "-Wredundant-decls" "-Wshadow" "-Wsign-compare" "-Wsign-conversion" "-Wstrict-prototypes" "-Wundef" "-Wuninitialized" "-g3" "-nostdlibinc" "-DNDEBUG" "-DRING_CORE_NOSTDLIBINC=1" "-o" "<workspace>/work/iw4l-target/wasm32-unknown-unknown/debug/build/ring-8be21e4100122c32/out/0bbbd18bda93c05b-aes_nohw.o" "-c" "<cargo-home>/registry/src/index.crates.io-1949cf8c6b5b557f/ring-0.17.14/crypto/fipsmodule/aes/aes_nohw.c"cargo:warning=error: unable to create target: 'No available targets are compatible with triple "wasm32-unknown-unknown"'
  cargo:warning=1 error generated.

  exit status: 1
  cargo:warning=ToolExecError: command did not execute successfully (status code exit status: 1): LC_ALL="C" "clang" "-O0" "-ffunction-sections" "-fdata-sections" "-g" "-fno-omit-frame-pointer" "--target=wasm32-unknown-unknown" "-I" "<cargo-home>/registry/src/index.crates.io-1949cf8c6b5b557f/ring-0.17.14/include" "-I" "<cargo-home>/registry/src/index.crates.io-1949cf8c6b5b557f/ring-0.17.14/pregenerated" "-Wall" "-Wextra" "-fvisibility=hidden" "-std=c1x" "-Wall" "-Wbad-function-cast" "-Wcast-align" "-Wcast-qual" "-Wconversion" "-Wmissing-field-initializers" "-Wmissing-include-dirs" "-Wnested-externs" "-Wredundant-decls" "-Wshadow" "-Wsign-compare" "-Wsign-conversion" "-Wstrict-prototypes" "-Wundef" "-Wuninitialized" "-g3" "-nostdlibinc" "-DNDEBUG" "-DRING_CORE_NOSTDLIBINC=1" "-o" "<workspace>/work/iw4l-target/wasm32-unknown-unknown/debug/build/ring-8be21e4100122c32/out/00c879ee3285a50d-montgomery.o" "-c" "<cargo-home>/registry/src/index.crates.io-1949cf8c6b5b557f/ring-0.17.14/crypto/fipsmodule/bn/montgomery.c"cargo:warning=error: unable to create target: 'No available targets are compatible with triple "wasm32-unknown-unknown"'
  cargo:warning=1 error generated.

  exit status: 1
  cargo:warning=ToolExecError: command did not execute successfully (status code exit status: 1): LC_ALL="C" "clang" "-O0" "-ffunction-sections" "-fdata-sections" "-g" "-fno-omit-frame-pointer" "--target=wasm32-unknown-unknown" "-I" "<cargo-home>/registry/src/index.crates.io-1949cf8c6b5b557f/ring-0.17.14/include" "-I" "<cargo-home>/registry/src/index.crates.io-1949cf8c6b5b557f/ring-0.17.14/pregenerated" "-Wall" "-Wextra" "-fvisibility=hidden" "-std=c1x" "-Wall" "-Wbad-function-cast" "-Wcast-align" "-Wcast-qual" "-Wconversion" "-Wmissing-field-initializers" "-Wmissing-include-dirs" "-Wnested-externs" "-Wredundant-decls" "-Wshadow" "-Wsign-compare" "-Wsign-conversion" "-Wstrict-prototypes" "-Wundef" "-Wuninitialized" "-g3" "-nostdlibinc" "-DNDEBUG" "-DRING_CORE_NOSTDLIBINC=1" "-o" "<workspace>/work/iw4l-target/wasm32-unknown-unknown/debug/build/ring-8be21e4100122c32/out/00c879ee3285a50d-montgomery_inv.o" "-c" "<cargo-home>/registry/src/index.crates.io-1949cf8c6b5b557f/ring-0.17.14/crypto/fipsmodule/bn/montgomery_inv.c"cargo:warning=error: unable to create target: 'No available targets are compatible with triple "wasm32-unknown-unknown"'
  cargo:warning=1 error generated.

  exit status: 1
  cargo:warning=ToolExecError: command did not execute successfully (status code exit status: 1): LC_ALL="C" "clang" "-O0" "-ffunction-sections" "-fdata-sections" "-g" "-fno-omit-frame-pointer" "--target=wasm32-unknown-unknown" "-I" "<cargo-home>/registry/src/index.crates.io-1949cf8c6b5b557f/ring-0.17.14/include" "-I" "<cargo-home>/registry/src/index.crates.io-1949cf8c6b5b557f/ring-0.17.14/pregenerated" "-Wall" "-Wextra" "-fvisibility=hidden" "-std=c1x" "-Wall" "-Wbad-function-cast" "-Wcast-align" "-Wcast-qual" "-Wconversion" "-Wmissing-field-initializers" "-Wmissing-include-dirs" "-Wnested-externs" "-Wredundant-decls" "-Wshadow" "-Wsign-compare" "-Wsign-conversion" "-Wstrict-prototypes" "-Wundef" "-Wuninitialized" "-g3" "-nostdlibinc" "-DNDEBUG" "-DRING_CORE_NOSTDLIBINC=1" "-o" "<workspace>/work/iw4l-target/wasm32-unknown-unknown/debug/build/ring-8be21e4100122c32/out/a0330e891e733f4e-ecp_nistz.o" "-c" "<cargo-home>/registry/src/index.crates.io-1949cf8c6b5b557f/ring-0.17.14/crypto/fipsmodule/ec/ecp_nistz.c"cargo:warning=error: unable to create target: 'No available targets are compatible with triple "wasm32-unknown-unknown"'
  cargo:warning=1 error generated.

  exit status: 1
  cargo:warning=ToolExecError: command did not execute successfully (status code exit status: 1): LC_ALL="C" "clang" "-O0" "-ffunction-sections" "-fdata-sections" "-g" "-fno-omit-frame-pointer" "--target=wasm32-unknown-unknown" "-I" "<cargo-home>/registry/src/index.crates.io-1949cf8c6b5b557f/ring-0.17.14/include" "-I" "<cargo-home>/registry/src/index.crates.io-1949cf8c6b5b557f/ring-0.17.14/pregenerated" "-Wall" "-Wextra" "-fvisibility=hidden" "-std=c1x" "-Wall" "-Wbad-function-cast" "-Wcast-align" "-Wcast-qual" "-Wconversion" "-Wmissing-field-initializers" "-Wmissing-include-dirs" "-Wnested-externs" "-Wredundant-decls" "-Wshadow" "-Wsign-compare" "-Wsign-conversion" "-Wstrict-prototypes" "-Wundef" "-Wuninitialized" "-g3" "-nostdlibinc" "-DNDEBUG" "-DRING_CORE_NOSTDLIBINC=1" "-o" "<workspace>/work/iw4l-target/wasm32-unknown-unknown/debug/build/ring-8be21e4100122c32/out/a0330e891e733f4e-gfp_p256.o" "-c" "<cargo-home>/registry/src/index.crates.io-1949cf8c6b5b557f/ring-0.17.14/crypto/fipsmodule/ec/gfp_p256.c"cargo:warning=error: unable to create target: 'No available targets are compatible with triple "wasm32-unknown-unknown"'
  cargo:warning=1 error generated.

  exit status: 1
  cargo:warning=ToolExecError: command did not execute successfully (status code exit status: 1): LC_ALL="C" "clang" "-O0" "-ffunction-sections" "-fdata-sections" "-g" "-fno-omit-frame-pointer" "--target=wasm32-unknown-unknown" "-I" "<cargo-home>/registry/src/index.crates.io-1949cf8c6b5b557f/ring-0.17.14/include" "-I" "<cargo-home>/registry/src/index.crates.io-1949cf8c6b5b557f/ring-0.17.14/pregenerated" "-Wall" "-Wextra" "-fvisibility=hidden" "-std=c1x" "-Wall" "-Wbad-function-cast" "-Wcast-align" "-Wcast-qual" "-Wconversion" "-Wmissing-field-initializers" "-Wmissing-include-dirs" "-Wnested-externs" "-Wredundant-decls" "-Wshadow" "-Wsign-compare" "-Wsign-conversion" "-Wstrict-prototypes" "-Wundef" "-Wuninitialized" "-g3" "-nostdlibinc" "-DNDEBUG" "-DRING_CORE_NOSTDLIBINC=1" "-o" "<workspace>/work/iw4l-target/wasm32-unknown-unknown/debug/build/ring-8be21e4100122c32/out/a0330e891e733f4e-gfp_p384.o" "-c" "<cargo-home>/registry/src/index.crates.io-1949cf8c6b5b557f/ring-0.17.14/crypto/fipsmodule/ec/gfp_p384.c"cargo:warning=error: unable to create target: 'No available targets are compatible with triple "wasm32-unknown-unknown"'
  cargo:warning=1 error generated.

  exit status: 1
  cargo:warning=ToolExecError: command did not execute successfully (status code exit status: 1): LC_ALL="C" "clang" "-O0" "-ffunction-sections" "-fdata-sections" "-g" "-fno-omit-frame-pointer" "--target=wasm32-unknown-unknown" "-I" "<cargo-home>/registry/src/index.crates.io-1949cf8c6b5b557f/ring-0.17.14/include" "-I" "<cargo-home>/registry/src/index.crates.io-1949cf8c6b5b557f/ring-0.17.14/pregenerated" "-Wall" "-Wextra" "-fvisibility=hidden" "-std=c1x" "-Wall" "-Wbad-function-cast" "-Wcast-align" "-Wcast-qual" "-Wconversion" "-Wmissing-field-initializers" "-Wmissing-include-dirs" "-Wnested-externs" "-Wredundant-decls" "-Wshadow" "-Wsign-compare" "-Wsign-conversion" "-Wstrict-prototypes" "-Wundef" "-Wuninitialized" "-g3" "-nostdlibinc" "-DNDEBUG" "-DRING_CORE_NOSTDLIBINC=1" "-o" "<workspace>/work/iw4l-target/wasm32-unknown-unknown/debug/build/ring-8be21e4100122c32/out/a0330e891e733f4e-p256.o" "-c" "<cargo-home>/registry/src/index.crates.io-1949cf8c6b5b557f/ring-0.17.14/crypto/fipsmodule/ec/p256.c"cargo:warning=error: unable to create target: 'No available targets are compatible with triple "wasm32-unknown-unknown"'
  cargo:warning=1 error generated.

  exit status: 1
  cargo:warning=ToolExecError: command did not execute successfully (status code exit status: 1): LC_ALL="C" "clang" "-O0" "-ffunction-sections" "-fdata-sections" "-g" "-fno-omit-frame-pointer" "--target=wasm32-unknown-unknown" "-I" "<cargo-home>/registry/src/index.crates.io-1949cf8c6b5b557f/ring-0.17.14/include" "-I" "<cargo-home>/registry/src/index.crates.io-1949cf8c6b5b557f/ring-0.17.14/pregenerated" "-Wall" "-Wextra" "-fvisibility=hidden" "-std=c1x" "-Wall" "-Wbad-function-cast" "-Wcast-align" "-Wcast-qual" "-Wconversion" "-Wmissing-field-initializers" "-Wmissing-include-dirs" "-Wnested-externs" "-Wredundant-decls" "-Wshadow" "-Wsign-compare" "-Wsign-conversion" "-Wstrict-prototypes" "-Wundef" "-Wuninitialized" "-g3" "-nostdlibinc" "-DNDEBUG" "-DRING_CORE_NOSTDLIBINC=1" "-o" "<workspace>/work/iw4l-target/wasm32-unknown-unknown/debug/build/ring-8be21e4100122c32/out/aaa1ba3e455ee2e1-limbs.o" "-c" "<cargo-home>/registry/src/index.crates.io-1949cf8c6b5b557f/ring-0.17.14/crypto/limbs/limbs.c"cargo:warning=error: unable to create target: 'No available targets are compatible with triple "wasm32-unknown-unknown"'
  cargo:warning=1 error generated.

  exit status: 1
  cargo:warning=ToolExecError: command did not execute successfully (status code exit status: 1): LC_ALL="C" "clang" "-O0" "-ffunction-sections" "-fdata-sections" "-g" "-fno-omit-frame-pointer" "--target=wasm32-unknown-unknown" "-I" "<cargo-home>/registry/src/index.crates.io-1949cf8c6b5b557f/ring-0.17.14/include" "-I" "<cargo-home>/registry/src/index.crates.io-1949cf8c6b5b557f/ring-0.17.14/pregenerated" "-Wall" "-Wextra" "-fvisibility=hidden" "-std=c1x" "-Wall" "-Wbad-function-cast" "-Wcast-align" "-Wcast-qual" "-Wconversion" "-Wmissing-field-initializers" "-Wmissing-include-dirs" "-Wnested-externs" "-Wredundant-decls" "-Wshadow" "-Wsign-compare" "-Wsign-conversion" "-Wstrict-prototypes" "-Wundef" "-Wuninitialized" "-g3" "-nostdlibinc" "-DNDEBUG" "-DRING_CORE_NOSTDLIBINC=1" "-o" "<workspace>/work/iw4l-target/wasm32-unknown-unknown/debug/build/ring-8be21e4100122c32/out/a4019cc0736b0423-mem.o" "-c" "<cargo-home>/registry/src/index.crates.io-1949cf8c6b5b557f/ring-0.17.14/crypto/mem.c"cargo:warning=error: unable to create target: 'No available targets are compatible with triple "wasm32-unknown-unknown"'
  cargo:warning=1 error generated.

  exit status: 1
  cargo:warning=ToolExecError: command did not execute successfully (status code exit status: 1): LC_ALL="C" "clang" "-O0" "-ffunction-sections" "-fdata-sections" "-g" "-fno-omit-frame-pointer" "--target=wasm32-unknown-unknown" "-I" "<cargo-home>/registry/src/index.crates.io-1949cf8c6b5b557f/ring-0.17.14/include" "-I" "<cargo-home>/registry/src/index.crates.io-1949cf8c6b5b557f/ring-0.17.14/pregenerated" "-Wall" "-Wextra" "-fvisibility=hidden" "-std=c1x" "-Wall" "-Wbad-function-cast" "-Wcast-align" "-Wcast-qual" "-Wconversion" "-Wmissing-field-initializers" "-Wmissing-include-dirs" "-Wnested-externs" "-Wredundant-decls" "-Wshadow" "-Wsign-compare" "-Wsign-conversion" "-Wstrict-prototypes" "-Wundef" "-Wuninitialized" "-g3" "-nostdlibinc" "-DNDEBUG" "-DRING_CORE_NOSTDLIBINC=1" "-o" "<workspace>/work/iw4l-target/wasm32-unknown-unknown/debug/build/ring-8be21e4100122c32/out/d5a9841f3dc6e253-poly1305.o" "-c" "<cargo-home>/registry/src/index.crates.io-1949cf8c6b5b557f/ring-0.17.14/crypto/poly1305/poly1305.c"

  --- stderr


  error occurred in cc-rs: command did not execute successfully (status code exit status: 1): LC_ALL="C" "clang" "-O0" "-ffunction-sections" "-fdata-sections" "-g" "-fno-omit-frame-pointer" "--target=wasm32-unknown-unknown" "-I" "<cargo-home>/registry/src/index.crates.io-1949cf8c6b5b557f/ring-0.17.14/include" "-I" "<cargo-home>/registry/src/index.crates.io-1949cf8c6b5b557f/ring-0.17.14/pregenerated" "-Wall" "-Wextra" "-fvisibility=hidden" "-std=c1x" "-Wall" "-Wbad-function-cast" "-Wcast-align" "-Wcast-qual" "-Wconversion" "-Wmissing-field-initializers" "-Wmissing-include-dirs" "-Wnested-externs" "-Wredundant-decls" "-Wshadow" "-Wsign-compare" "-Wsign-conversion" "-Wstrict-prototypes" "-Wundef" "-Wuninitialized" "-g3" "-nostdlibinc" "-DNDEBUG" "-DRING_CORE_NOSTDLIBINC=1" "-o" "<workspace>/work/iw4l-target/wasm32-unknown-unknown/debug/build/ring-8be21e4100122c32/out/d5a9841f3dc6e253-poly1305.o" "-c" "<cargo-home>/registry/src/index.crates.io-1949cf8c6b5b557f/ring-0.17.14/crypto/poly1305/poly1305.c"


warning: zstd-sys@2.0.16+zstd.1.5.7: error: unable to create target: 'No available targets are compatible with triple "wasm32-unknown-unknown"'
warning: zstd-sys@2.0.16+zstd.1.5.7: 1 error generated.
warning: zstd-sys@2.0.16+zstd.1.5.7: ToolExecError: command did not execute successfully (status code exit status: 1): LC_ALL="C" "clang" "-O0" "-ffunction-sections" "-fdata-sections" "-g" "-fno-omit-frame-pointer" "--target=wasm32-unknown-unknown" "-I" "wasm-shim/" "-I" "zstd/lib/" "-I" "zstd/lib/common" "-w" "-fvisibility=hidden" "-DZSTD_LIB_DEPRECATED=0" "-DXXH_PRIVATE_API=" "-DZSTDLIB_VISIBILITY=" "-DZSTDERRORLIB_VISIBILITY=" "-o" "<workspace>/work/iw4l-target/wasm32-unknown-unknown/debug/build/zstd-sys-9046c550709c19ee/out/44ff4c55aa9e5133-debug.o" "-c" "zstd/lib/common/debug.c"cargo:rerun-if-env-changed=CC_wasm32-unknown-unknown
warning: zstd-sys@2.0.16+zstd.1.5.7: error: unable to create target: 'No available targets are compatible with triple "wasm32-unknown-unknown"'
warning: zstd-sys@2.0.16+zstd.1.5.7: 1 error generated.
warning: zstd-sys@2.0.16+zstd.1.5.7: ToolExecError: command did not execute successfully (status code exit status: 1): LC_ALL="C" "clang" "-O0" "-ffunction-sections" "-fdata-sections" "-g" "-fno-omit-frame-pointer" "--target=wasm32-unknown-unknown" "-I" "wasm-shim/" "-I" "zstd/lib/" "-I" "zstd/lib/common" "-w" "-fvisibility=hidden" "-DZSTD_LIB_DEPRECATED=0" "-DXXH_PRIVATE_API=" "-DZSTDLIB_VISIBILITY=" "-DZSTDERRORLIB_VISIBILITY=" "-o" "<workspace>/work/iw4l-target/wasm32-unknown-unknown/debug/build/zstd-sys-9046c550709c19ee/out/44ff4c55aa9e5133-entropy_common.o" "-c" "zstd/lib/common/entropy_common.c"cargo:warning=error: unable to create target: 'No available targets are compatible with triple "wasm32-unknown-unknown"'
warning: zstd-sys@2.0.16+zstd.1.5.7: 1 error generated.
warning: zstd-sys@2.0.16+zstd.1.5.7: ToolExecError: command did not execute successfully (status code exit status: 1): LC_ALL="C" "clang" "-O0" "-ffunction-sections" "-fdata-sections" "-g" "-fno-omit-frame-pointer" "--target=wasm32-unknown-unknown" "-I" "wasm-shim/" "-I" "zstd/lib/" "-I" "zstd/lib/common" "-w" "-fvisibility=hidden" "-DZSTD_LIB_DEPRECATED=0" "-DXXH_PRIVATE_API=" "-DZSTDLIB_VISIBILITY=" "-DZSTDERRORLIB_VISIBILITY=" "-o" "<workspace>/work/iw4l-target/wasm32-unknown-unknown/debug/build/zstd-sys-9046c550709c19ee/out/44ff4c55aa9e5133-error_private.o" "-c" "zstd/lib/common/error_private.c"cargo:warning=error: unable to create target: 'No available targets are compatible with triple "wasm32-unknown-unknown"'
warning: zstd-sys@2.0.16+zstd.1.5.7: 1 error generated.
warning: zstd-sys@2.0.16+zstd.1.5.7: ToolExecError: command did not execute successfully (status code exit status: 1): LC_ALL="C" "clang" "-O0" "-ffunction-sections" "-fdata-sections" "-g" "-fno-omit-frame-pointer" "--target=wasm32-unknown-unknown" "-I" "wasm-shim/" "-I" "zstd/lib/" "-I" "zstd/lib/common" "-w" "-fvisibility=hidden" "-DZSTD_LIB_DEPRECATED=0" "-DXXH_PRIVATE_API=" "-DZSTDLIB_VISIBILITY=" "-DZSTDERRORLIB_VISIBILITY=" "-o" "<workspace>/work/iw4l-target/wasm32-unknown-unknown/debug/build/zstd-sys-9046c550709c19ee/out/44ff4c55aa9e5133-fse_decompress.o" "-c" "zstd/lib/common/fse_decompress.c"cargo:warning=error: unable to create target: 'No available targets are compatible with triple "wasm32-unknown-unknown"'
warning: zstd-sys@2.0.16+zstd.1.5.7: 1 error generated.
warning: zstd-sys@2.0.16+zstd.1.5.7: ToolExecError: command did not execute successfully (status code exit status: 1): LC_ALL="C" "clang" "-O0" "-ffunction-sections" "-fdata-sections" "-g" "-fno-omit-frame-pointer" "--target=wasm32-unknown-unknown" "-I" "wasm-shim/" "-I" "zstd/lib/" "-I" "zstd/lib/common" "-w" "-fvisibility=hidden" "-DZSTD_LIB_DEPRECATED=0" "-DXXH_PRIVATE_API=" "-DZSTDLIB_VISIBILITY=" "-DZSTDERRORLIB_VISIBILITY=" "-o" "<workspace>/work/iw4l-target/wasm32-unknown-unknown/debug/build/zstd-sys-9046c550709c19ee/out/44ff4c55aa9e5133-pool.o" "-c" "zstd/lib/common/pool.c"cargo:rerun-if-env-changed=CC_wasm32-unknown-unknown
warning: zstd-sys@2.0.16+zstd.1.5.7: error: unable to create target: 'No available targets are compatible with triple "wasm32-unknown-unknown"'
warning: zstd-sys@2.0.16+zstd.1.5.7: 1 error generated.
warning: zstd-sys@2.0.16+zstd.1.5.7: ToolExecError: command did not execute successfully (status code exit status: 1): LC_ALL="C" "clang" "-O0" "-ffunction-sections" "-fdata-sections" "-g" "-fno-omit-frame-pointer" "--target=wasm32-unknown-unknown" "-I" "wasm-shim/" "-I" "zstd/lib/" "-I" "zstd/lib/common" "-w" "-fvisibility=hidden" "-DZSTD_LIB_DEPRECATED=0" "-DXXH_PRIVATE_API=" "-DZSTDLIB_VISIBILITY=" "-DZSTDERRORLIB_VISIBILITY=" "-o" "<workspace>/work/iw4l-target/wasm32-unknown-unknown/debug/build/zstd-sys-9046c550709c19ee/out/44ff4c55aa9e5133-threading.o" "-c" "zstd/lib/common/threading.c"cargo:warning=error: unable to create target: 'No available targets are compatible with triple "wasm32-unknown-unknown"'
warning: zstd-sys@2.0.16+zstd.1.5.7: 1 error generated.
warning: zstd-sys@2.0.16+zstd.1.5.7: ToolExecError: command did not execute successfully (status code exit status: 1): LC_ALL="C" "clang" "-O0" "-ffunction-sections" "-fdata-sections" "-g" "-fno-omit-frame-pointer" "--target=wasm32-unknown-unknown" "-I" "wasm-shim/" "-I" "zstd/lib/" "-I" "zstd/lib/common" "-w" "-fvisibility=hidden" "-DZSTD_LIB_DEPRECATED=0" "-DXXH_PRIVATE_API=" "-DZSTDLIB_VISIBILITY=" "-DZSTDERRORLIB_VISIBILITY=" "-o" "<workspace>/work/iw4l-target/wasm32-unknown-unknown/debug/build/zstd-sys-9046c550709c19ee/out/44ff4c55aa9e5133-zstd_common.o" "-c" "zstd/lib/common/zstd_common.c"cargo:warning=error: unable to create target: 'No available targets are compatible with triple "wasm32-unknown-unknown"'
warning: zstd-sys@2.0.16+zstd.1.5.7: 1 error generated.
warning: zstd-sys@2.0.16+zstd.1.5.7: ToolExecError: command did not execute successfully (status code exit status: 1): LC_ALL="C" "clang" "-O0" "-ffunction-sections" "-fdata-sections" "-g" "-fno-omit-frame-pointer" "--target=wasm32-unknown-unknown" "-I" "wasm-shim/" "-I" "zstd/lib/" "-I" "zstd/lib/common" "-w" "-fvisibility=hidden" "-DZSTD_LIB_DEPRECATED=0" "-DXXH_PRIVATE_API=" "-DZSTDLIB_VISIBILITY=" "-DZSTDERRORLIB_VISIBILITY=" "-o" "<workspace>/work/iw4l-target/wasm32-unknown-unknown/debug/build/zstd-sys-9046c550709c19ee/out/fb80479a5fb81f6a-fse_compress.o" "-c" "zstd/lib/compress/fse_compress.c"cargo:rerun-if-env-changed=CC_wasm32-unknown-unknown
warning: zstd-sys@2.0.16+zstd.1.5.7: error: unable to create target: 'No available targets are compatible with triple "wasm32-unknown-unknown"'
warning: zstd-sys@2.0.16+zstd.1.5.7: 1 error generated.
warning: zstd-sys@2.0.16+zstd.1.5.7: ToolExecError: command did not execute successfully (status code exit status: 1): LC_ALL="C" "clang" "-O0" "-ffunction-sections" "-fdata-sections" "-g" "-fno-omit-frame-pointer" "--target=wasm32-unknown-unknown" "-I" "wasm-shim/" "-I" "zstd/lib/" "-I" "zstd/lib/common" "-w" "-fvisibility=hidden" "-DZSTD_LIB_DEPRECATED=0" "-DXXH_PRIVATE_API=" "-DZSTDLIB_VISIBILITY=" "-DZSTDERRORLIB_VISIBILITY=" "-o" "<workspace>/work/iw4l-target/wasm32-unknown-unknown/debug/build/zstd-sys-9046c550709c19ee/out/fb80479a5fb81f6a-hist.o" "-c" "zstd/lib/compress/hist.c"cargo:warning=error: unable to create target: 'No available targets are compatible with triple "wasm32-unknown-unknown"'
warning: zstd-sys@2.0.16+zstd.1.5.7: 1 error generated.
warning: zstd-sys@2.0.16+zstd.1.5.7: ToolExecError: command did not execute successfully (status code exit status: 1): LC_ALL="C" "clang" "-O0" "-ffunction-sections" "-fdata-sections" "-g" "-fno-omit-frame-pointer" "--target=wasm32-unknown-unknown" "-I" "wasm-shim/" "-I" "zstd/lib/" "-I" "zstd/lib/common" "-w" "-fvisibility=hidden" "-DZSTD_LIB_DEPRECATED=0" "-DXXH_PRIVATE_API=" "-DZSTDLIB_VISIBILITY=" "-DZSTDERRORLIB_VISIBILITY=" "-o" "<workspace>/work/iw4l-target/wasm32-unknown-unknown/debug/build/zstd-sys-9046c550709c19ee/out/fb80479a5fb81f6a-huf_compress.o" "-c" "zstd/lib/compress/huf_compress.c"cargo:warning=error: unable to create target: 'No available targets are compatible with triple "wasm32-unknown-unknown"'
warning: zstd-sys@2.0.16+zstd.1.5.7: 1 error generated.
warning: zstd-sys@2.0.16+zstd.1.5.7: ToolExecError: command did not execute successfully (status code exit status: 1): LC_ALL="C" "clang" "-O0" "-ffunction-sections" "-fdata-sections" "-g" "-fno-omit-frame-pointer" "--target=wasm32-unknown-unknown" "-I" "wasm-shim/" "-I" "zstd/lib/" "-I" "zstd/lib/common" "-w" "-fvisibility=hidden" "-DZSTD_LIB_DEPRECATED=0" "-DXXH_PRIVATE_API=" "-DZSTDLIB_VISIBILITY=" "-DZSTDERRORLIB_VISIBILITY=" "-o" "<workspace>/work/iw4l-target/wasm32-unknown-unknown/debug/build/zstd-sys-9046c550709c19ee/out/fb80479a5fb81f6a-zstd_compress.o" "-c" "zstd/lib/compress/zstd_compress.c"cargo:rerun-if-env-changed=CC_wasm32-unknown-unknown
warning: zstd-sys@2.0.16+zstd.1.5.7: error: unable to create target: 'No available targets are compatible with triple "wasm32-unknown-unknown"'
warning: zstd-sys@2.0.16+zstd.1.5.7: 1 error generated.
warning: zstd-sys@2.0.16+zstd.1.5.7: ToolExecError: command did not execute successfully (status code exit status: 1): LC_ALL="C" "clang" "-O0" "-ffunction-sections" "-fdata-sections" "-g" "-fno-omit-frame-pointer" "--target=wasm32-unknown-unknown" "-I" "wasm-shim/" "-I" "zstd/lib/" "-I" "zstd/lib/common" "-w" "-fvisibility=hidden" "-DZSTD_LIB_DEPRECATED=0" "-DXXH_PRIVATE_API=" "-DZSTDLIB_VISIBILITY=" "-DZSTDERRORLIB_VISIBILITY=" "-o" "<workspace>/work/iw4l-target/wasm32-unknown-unknown/debug/build/zstd-sys-9046c550709c19ee/out/fb80479a5fb81f6a-zstd_compress_literals.o" "-c" "zstd/lib/compress/zstd_compress_literals.c"cargo:warning=error: unable to create target: 'No available targets are compatible with triple "wasm32-unknown-unknown"'
warning: zstd-sys@2.0.16+zstd.1.5.7: 1 error generated.
warning: zstd-sys@2.0.16+zstd.1.5.7: ToolExecError: command did not execute successfully (status code exit status: 1): LC_ALL="C" "clang" "-O0" "-ffunction-sections" "-fdata-sections" "-g" "-fno-omit-frame-pointer" "--target=wasm32-unknown-unknown" "-I" "wasm-shim/" "-I" "zstd/lib/" "-I" "zstd/lib/common" "-w" "-fvisibility=hidden" "-DZSTD_LIB_DEPRECATED=0" "-DXXH_PRIVATE_API=" "-DZSTDLIB_VISIBILITY=" "-DZSTDERRORLIB_VISIBILITY=" "-o" "<workspace>/work/iw4l-target/wasm32-unknown-unknown/debug/build/zstd-sys-9046c550709c19ee/out/fb80479a5fb81f6a-zstd_compress_sequences.o" "-c" "zstd/lib/compress/zstd_compress_sequences.c"cargo:warning=error: unable to create target: 'No available targets are compatible with triple "wasm32-unknown-unknown"'
warning: zstd-sys@2.0.16+zstd.1.5.7: 1 error generated.
warning: zstd-sys@2.0.16+zstd.1.5.7: ToolExecError: command did not execute successfully (status code exit status: 1): LC_ALL="C" "clang" "-O0" "-ffunction-sections" "-fdata-sections" "-g" "-fno-omit-frame-pointer" "--target=wasm32-unknown-unknown" "-I" "wasm-shim/" "-I" "zstd/lib/" "-I" "zstd/lib/common" "-w" "-fvisibility=hidden" "-DZSTD_LIB_DEPRECATED=0" "-DXXH_PRIVATE_API=" "-DZSTDLIB_VISIBILITY=" "-DZSTDERRORLIB_VISIBILITY=" "-o" "<workspace>/work/iw4l-target/wasm32-unknown-unknown/debug/build/zstd-sys-9046c550709c19ee/out/fb80479a5fb81f6a-zstd_compress_superblock.o" "-c" "zstd/lib/compress/zstd_compress_superblock.c"cargo:rerun-if-env-changed=CC_wasm32-unknown-unknown
warning: zstd-sys@2.0.16+zstd.1.5.7: error: unable to create target: 'No available targets are compatible with triple "wasm32-unknown-unknown"'
warning: zstd-sys@2.0.16+zstd.1.5.7: 1 error generated.
warning: zstd-sys@2.0.16+zstd.1.5.7: ToolExecError: command did not execute successfully (status code exit status: 1): LC_ALL="C" "clang" "-O0" "-ffunction-sections" "-fdata-sections" "-g" "-fno-omit-frame-pointer" "--target=wasm32-unknown-unknown" "-I" "wasm-shim/" "-I" "zstd/lib/" "-I" "zstd/lib/common" "-w" "-fvisibility=hidden" "-DZSTD_LIB_DEPRECATED=0" "-DXXH_PRIVATE_API=" "-DZSTDLIB_VISIBILITY=" "-DZSTDERRORLIB_VISIBILITY=" "-o" "<workspace>/work/iw4l-target/wasm32-unknown-unknown/debug/build/zstd-sys-9046c550709c19ee/out/fb80479a5fb81f6a-zstd_double_fast.o" "-c" "zstd/lib/compress/zstd_double_fast.c"cargo:warning=error: unable to create target: 'No available targets are compatible with triple "wasm32-unknown-unknown"'
warning: zstd-sys@2.0.16+zstd.1.5.7: 1 error generated.
warning: zstd-sys@2.0.16+zstd.1.5.7: ToolExecError: command did not execute successfully (status code exit status: 1): LC_ALL="C" "clang" "-O0" "-ffunction-sections" "-fdata-sections" "-g" "-fno-omit-frame-pointer" "--target=wasm32-unknown-unknown" "-I" "wasm-shim/" "-I" "zstd/lib/" "-I" "zstd/lib/common" "-w" "-fvisibility=hidden" "-DZSTD_LIB_DEPRECATED=0" "-DXXH_PRIVATE_API=" "-DZSTDLIB_VISIBILITY=" "-DZSTDERRORLIB_VISIBILITY=" "-o" "<workspace>/work/iw4l-target/wasm32-unknown-unknown/debug/build/zstd-sys-9046c550709c19ee/out/fb80479a5fb81f6a-zstd_fast.o" "-c" "zstd/lib/compress/zstd_fast.c"cargo:warning=error: unable to create target: 'No available targets are compatible with triple "wasm32-unknown-unknown"'
warning: zstd-sys@2.0.16+zstd.1.5.7: 1 error generated.
warning: zstd-sys@2.0.16+zstd.1.5.7: ToolExecError: command did not execute successfully (status code exit status: 1): LC_ALL="C" "clang" "-O0" "-ffunction-sections" "-fdata-sections" "-g" "-fno-omit-frame-pointer" "--target=wasm32-unknown-unknown" "-I" "wasm-shim/" "-I" "zstd/lib/" "-I" "zstd/lib/common" "-w" "-fvisibility=hidden" "-DZSTD_LIB_DEPRECATED=0" "-DXXH_PRIVATE_API=" "-DZSTDLIB_VISIBILITY=" "-DZSTDERRORLIB_VISIBILITY=" "-o" "<workspace>/work/iw4l-target/wasm32-unknown-unknown/debug/build/zstd-sys-9046c550709c19ee/out/fb80479a5fb81f6a-zstd_lazy.o" "-c" "zstd/lib/compress/zstd_lazy.c"cargo:warning=error: unable to create target: 'No available targets are compatible with triple "wasm32-unknown-unknown"'
warning: zstd-sys@2.0.16+zstd.1.5.7: 1 error generated.
warning: zstd-sys@2.0.16+zstd.1.5.7: ToolExecError: command did not execute successfully (status code exit status: 1): LC_ALL="C" "clang" "-O0" "-ffunction-sections" "-fdata-sections" "-g" "-fno-omit-frame-pointer" "--target=wasm32-unknown-unknown" "-I" "wasm-shim/" "-I" "zstd/lib/" "-I" "zstd/lib/common" "-w" "-fvisibility=hidden" "-DZSTD_LIB_DEPRECATED=0" "-DXXH_PRIVATE_API=" "-DZSTDLIB_VISIBILITY=" "-DZSTDERRORLIB_VISIBILITY=" "-o" "<workspace>/work/iw4l-target/wasm32-unknown-unknown/debug/build/zstd-sys-9046c550709c19ee/out/fb80479a5fb81f6a-zstd_ldm.o" "-c" "zstd/lib/compress/zstd_ldm.c"cargo:warning=error: unable to create target: 'No available targets are compatible with triple "wasm32-unknown-unknown"'
warning: zstd-sys@2.0.16+zstd.1.5.7: 1 error generated.
warning: zstd-sys@2.0.16+zstd.1.5.7: ToolExecError: command did not execute successfully (status code exit status: 1): LC_ALL="C" "clang" "-O0" "-ffunction-sections" "-fdata-sections" "-g" "-fno-omit-frame-pointer" "--target=wasm32-unknown-unknown" "-I" "wasm-shim/" "-I" "zstd/lib/" "-I" "zstd/lib/common" "-w" "-fvisibility=hidden" "-DZSTD_LIB_DEPRECATED=0" "-DXXH_PRIVATE_API=" "-DZSTDLIB_VISIBILITY=" "-DZSTDERRORLIB_VISIBILITY=" "-o" "<workspace>/work/iw4l-target/wasm32-unknown-unknown/debug/build/zstd-sys-9046c550709c19ee/out/fb80479a5fb81f6a-zstd_opt.o" "-c" "zstd/lib/compress/zstd_opt.c"cargo:warning=error: unable to create target: 'No available targets are compatible with triple "wasm32-unknown-unknown"'
warning: zstd-sys@2.0.16+zstd.1.5.7: 1 error generated.
warning: zstd-sys@2.0.16+zstd.1.5.7: ToolExecError: command did not execute successfully (status code exit status: 1): LC_ALL="C" "clang" "-O0" "-ffunction-sections" "-fdata-sections" "-g" "-fno-omit-frame-pointer" "--target=wasm32-unknown-unknown" "-I" "wasm-shim/" "-I" "zstd/lib/" "-I" "zstd/lib/common" "-w" "-fvisibility=hidden" "-DZSTD_LIB_DEPRECATED=0" "-DXXH_PRIVATE_API=" "-DZSTDLIB_VISIBILITY=" "-DZSTDERRORLIB_VISIBILITY=" "-o" "<workspace>/work/iw4l-target/wasm32-unknown-unknown/debug/build/zstd-sys-9046c550709c19ee/out/fb80479a5fb81f6a-zstd_preSplit.o" "-c" "zstd/lib/compress/zstd_preSplit.c"cargo:warning=error: unable to create target: 'No available targets are compatible with triple "wasm32-unknown-unknown"'
warning: zstd-sys@2.0.16+zstd.1.5.7: 1 error generated.
warning: zstd-sys@2.0.16+zstd.1.5.7: ToolExecError: command did not execute successfully (status code exit status: 1): LC_ALL="C" "clang" "-O0" "-ffunction-sections" "-fdata-sections" "-g" "-fno-omit-frame-pointer" "--target=wasm32-unknown-unknown" "-I" "wasm-shim/" "-I" "zstd/lib/" "-I" "zstd/lib/common" "-w" "-fvisibility=hidden" "-DZSTD_LIB_DEPRECATED=0" "-DXXH_PRIVATE_API=" "-DZSTDLIB_VISIBILITY=" "-DZSTDERRORLIB_VISIBILITY=" "-o" "<workspace>/work/iw4l-target/wasm32-unknown-unknown/debug/build/zstd-sys-9046c550709c19ee/out/fb80479a5fb81f6a-zstdmt_compress.o" "-c" "zstd/lib/compress/zstdmt_compress.c"cargo:warning=error: unable to create target: 'No available targets are compatible with triple "wasm32-unknown-unknown"'
warning: zstd-sys@2.0.16+zstd.1.5.7: 1 error generated.
warning: zstd-sys@2.0.16+zstd.1.5.7: ToolExecError: command did not execute successfully (status code exit status: 1): LC_ALL="C" "clang" "-O0" "-ffunction-sections" "-fdata-sections" "-g" "-fno-omit-frame-pointer" "--target=wasm32-unknown-unknown" "-I" "wasm-shim/" "-I" "zstd/lib/" "-I" "zstd/lib/common" "-w" "-fvisibility=hidden" "-DZSTD_LIB_DEPRECATED=0" "-DXXH_PRIVATE_API=" "-DZSTDLIB_VISIBILITY=" "-DZSTDERRORLIB_VISIBILITY=" "-o" "<workspace>/work/iw4l-target/wasm32-unknown-unknown/debug/build/zstd-sys-9046c550709c19ee/out/88f362f13b0528ed-huf_decompress.o" "-c" "zstd/lib/decompress/huf_decompress.c"cargo:warning=error: unable to create target: 'No available targets are compatible with triple "wasm32-unknown-unknown"'
warning: zstd-sys@2.0.16+zstd.1.5.7: 1 error generated.
warning: zstd-sys@2.0.16+zstd.1.5.7: ToolExecError: command did not execute successfully (status code exit status: 1): LC_ALL="C" "clang" "-O0" "-ffunction-sections" "-fdata-sections" "-g" "-fno-omit-frame-pointer" "--target=wasm32-unknown-unknown" "-I" "wasm-shim/" "-I" "zstd/lib/" "-I" "zstd/lib/common" "-w" "-fvisibility=hidden" "-DZSTD_LIB_DEPRECATED=0" "-DXXH_PRIVATE_API=" "-DZSTDLIB_VISIBILITY=" "-DZSTDERRORLIB_VISIBILITY=" "-o" "<workspace>/work/iw4l-target/wasm32-unknown-unknown/debug/build/zstd-sys-9046c550709c19ee/out/88f362f13b0528ed-zstd_ddict.o" "-c" "zstd/lib/decompress/zstd_ddict.c"cargo:warning=error: unable to create target: 'No available targets are compatible with triple "wasm32-unknown-unknown"'
warning: zstd-sys@2.0.16+zstd.1.5.7: 1 error generated.
warning: zstd-sys@2.0.16+zstd.1.5.7: ToolExecError: command did not execute successfully (status code exit status: 1): LC_ALL="C" "clang" "-O0" "-ffunction-sections" "-fdata-sections" "-g" "-fno-omit-frame-pointer" "--target=wasm32-unknown-unknown" "-I" "wasm-shim/" "-I" "zstd/lib/" "-I" "zstd/lib/common" "-w" "-fvisibility=hidden" "-DZSTD_LIB_DEPRECATED=0" "-DXXH_PRIVATE_API=" "-DZSTDLIB_VISIBILITY=" "-DZSTDERRORLIB_VISIBILITY=" "-o" "<workspace>/work/iw4l-target/wasm32-unknown-unknown/debug/build/zstd-sys-9046c550709c19ee/out/88f362f13b0528ed-zstd_decompress.o" "-c" "zstd/lib/decompress/zstd_decompress.c"cargo:rerun-if-env-changed=CC_wasm32-unknown-unknown
warning: zstd-sys@2.0.16+zstd.1.5.7: error: unable to create target: 'No available targets are compatible with triple "wasm32-unknown-unknown"'
warning: zstd-sys@2.0.16+zstd.1.5.7: 1 error generated.
warning: zstd-sys@2.0.16+zstd.1.5.7: ToolExecError: command did not execute successfully (status code exit status: 1): LC_ALL="C" "clang" "-O0" "-ffunction-sections" "-fdata-sections" "-g" "-fno-omit-frame-pointer" "--target=wasm32-unknown-unknown" "-I" "wasm-shim/" "-I" "zstd/lib/" "-I" "zstd/lib/common" "-w" "-fvisibility=hidden" "-DZSTD_LIB_DEPRECATED=0" "-DXXH_PRIVATE_API=" "-DZSTDLIB_VISIBILITY=" "-DZSTDERRORLIB_VISIBILITY=" "-o" "<workspace>/work/iw4l-target/wasm32-unknown-unknown/debug/build/zstd-sys-9046c550709c19ee/out/88f362f13b0528ed-zstd_decompress_block.o" "-c" "zstd/lib/decompress/zstd_decompress_block.c"cargo:warning=clang -cc1as: error: unknown target triple 'wasm32-unknown-unknown'
warning: zstd-sys@2.0.16+zstd.1.5.7: ToolExecError: command did not execute successfully (status code exit status: 1): LC_ALL="C" "clang" "-O0" "-ffunction-sections" "-fdata-sections" "-g" "-fno-omit-frame-pointer" "--target=wasm32-unknown-unknown" "-I" "wasm-shim/" "-I" "zstd/lib/" "-I" "zstd/lib/common" "-w" "-fvisibility=hidden" "-DZSTD_LIB_DEPRECATED=0" "-DXXH_PRIVATE_API=" "-DZSTDLIB_VISIBILITY=" "-DZSTDERRORLIB_VISIBILITY=" "-o" "<workspace>/work/iw4l-target/wasm32-unknown-unknown/debug/build/zstd-sys-9046c550709c19ee/out/7faed3f8272f2313-huf_decompress_amd64.o" "-c" "zstd/lib/decompress/huf_decompress_amd64.S"
error: failed to run custom build command for `zstd-sys v2.0.16+zstd.1.5.7`

Caused by:
  process didn't exit successfully: `<workspace>/work/iw4l-target/debug/build/zstd-sys-f6ed6f296ec12a04/build-script-build` (exit status: 1)
  --- stdout
  cargo:rerun-if-env-changed=ZSTD_SYS_USE_PKG_CONFIG
  cargo:rustc-cfg=feature="std"
  cargo:rerun-if-changed=wasm-shim/stdlib.h
  cargo:rerun-if-changed=wasm-shim/string.h
  cargo:rerun-if-env-changed=CC_FORCE_DISABLE
  CC_FORCE_DISABLE = None
  cargo:rerun-if-env-changed=CC_wasm32-unknown-unknown
  CC_wasm32-unknown-unknown = None
  cargo:rerun-if-env-changed=CC_wasm32_unknown_unknown
  CC_wasm32_unknown_unknown = None
  cargo:rerun-if-env-changed=TARGET_CC
  TARGET_CC = None
  cargo:rerun-if-env-changed=CC
  CC = None
  cargo:rerun-if-env-changed=CC_ENABLE_DEBUG_OUTPUT
  cargo:rerun-if-env-changed=CRATE_CC_NO_DEFAULTS
  CRATE_CC_NO_DEFAULTS = None
  cargo:rerun-if-env-changed=CFLAGS
  CFLAGS = None
  cargo:rerun-if-env-changed=TARGET_CFLAGS
  TARGET_CFLAGS = None
  cargo:rerun-if-env-changed=CFLAGS_wasm32_unknown_unknown
  CFLAGS_wasm32_unknown_unknown = None
  cargo:rerun-if-env-changed=CFLAGS_wasm32-unknown-unknown
  CFLAGS_wasm32-unknown-unknown = None
  cargo:rerun-if-env-changed=CC_ENABLE_DEBUG_OUTPUT
  cargo:rerun-if-env-changed=CRATE_CC_NO_DEFAULTS
  CRATE_CC_NO_DEFAULTS = None
  cargo:rerun-if-env-changed=CFLAGS
  CFLAGS = None
  cargo:rerun-if-env-changed=TARGET_CFLAGS
  TARGET_CFLAGS = None
  cargo:rerun-if-env-changed=CFLAGS_wasm32_unknown_unknown
  CFLAGS_wasm32_unknown_unknown = None
  cargo:rerun-if-env-changed=CFLAGS_wasm32-unknown-unknown
  CFLAGS_wasm32-unknown-unknown = None
  cargo:rerun-if-env-changed=CC_ENABLE_DEBUG_OUTPUT
  cargo:rerun-if-env-changed=CRATE_CC_NO_DEFAULTS
  CRATE_CC_NO_DEFAULTS = None
  cargo:rerun-if-env-changed=CFLAGS
  CFLAGS = None
  cargo:rerun-if-env-changed=TARGET_CFLAGS
  TARGET_CFLAGS = None
  cargo:rerun-if-env-changed=CFLAGS_wasm32_unknown_unknown
  CFLAGS_wasm32_unknown_unknown = None
  cargo:rerun-if-env-changed=CFLAGS_wasm32-unknown-unknown
  CFLAGS_wasm32-unknown-unknown = None
  cargo:rerun-if-env-changed=CC_ENABLE_DEBUG_OUTPUT
  cargo:rerun-if-env-changed=CRATE_CC_NO_DEFAULTS
  CRATE_CC_NO_DEFAULTS = None
  cargo:rerun-if-env-changed=CFLAGS
  CFLAGS = None
  cargo:rerun-if-env-changed=TARGET_CFLAGS
  TARGET_CFLAGS = None
  cargo:rerun-if-env-changed=CFLAGS_wasm32_unknown_unknown
  CFLAGS_wasm32_unknown_unknown = None
  cargo:rerun-if-env-changed=CFLAGS_wasm32-unknown-unknown
  CFLAGS_wasm32-unknown-unknown = None
  cargo:rerun-if-env-changed=CC_wasm32-unknown-unknown
  CC_wasm32-unknown-unknown = None
  cargo:rerun-if-env-changed=CC_wasm32_unknown_unknown
  CC_wasm32_unknown_unknown = None
  cargo:rerun-if-env-changed=TARGET_CC
  TARGET_CC = None
  cargo:rerun-if-env-changed=CC
  CC = None
  cargo:rerun-if-env-changed=CRATE_CC_NO_DEFAULTS
  CRATE_CC_NO_DEFAULTS = None
  cargo:rerun-if-env-changed=CFLAGS
  CFLAGS = None
  cargo:rerun-if-env-changed=TARGET_CFLAGS
  TARGET_CFLAGS = None
  cargo:rerun-if-env-changed=CFLAGS_wasm32_unknown_unknown
  CFLAGS_wasm32_unknown_unknown = None
  cargo:rerun-if-env-changed=CFLAGS_wasm32-unknown-unknown
  CFLAGS_wasm32-unknown-unknown = None
  cargo:rerun-if-env-changed=CC_wasm32-unknown-unknown
  CC_wasm32-unknown-unknown = None
  cargo:rerun-if-env-changed=CC_wasm32_unknown_unknown
  CC_wasm32_unknown_unknown = None
  cargo:rerun-if-env-changed=TARGET_CC
  TARGET_CC = None
  cargo:rerun-if-env-changed=CC
  CC = None
  cargo:rerun-if-env-changed=CRATE_CC_NO_DEFAULTS
  CRATE_CC_NO_DEFAULTS = None
  cargo:rerun-if-env-changed=CFLAGS
  CFLAGS = None
  cargo:rerun-if-env-changed=TARGET_CFLAGS
  TARGET_CFLAGS = None
  cargo:rerun-if-env-changed=CFLAGS_wasm32_unknown_unknown
  CFLAGS_wasm32_unknown_unknown = None
  cargo:rerun-if-env-changed=CFLAGS_wasm32-unknown-unknown
  CFLAGS_wasm32-unknown-unknown = None
  cargo:warning=error: unable to create target: 'No available targets are compatible with triple "wasm32-unknown-unknown"'
  cargo:warning=1 error generated.
  exit status: 1
  cargo:warning=ToolExecError: command did not execute successfully (status code exit status: 1): LC_ALL="C" "clang" "-O0" "-ffunction-sections" "-fdata-sections" "-g" "-fno-omit-frame-pointer" "--target=wasm32-unknown-unknown" "-I" "wasm-shim/" "-I" "zstd/lib/" "-I" "zstd/lib/common" "-w" "-fvisibility=hidden" "-DZSTD_LIB_DEPRECATED=0" "-DXXH_PRIVATE_API=" "-DZSTDLIB_VISIBILITY=" "-DZSTDERRORLIB_VISIBILITY=" "-o" "<workspace>/work/iw4l-target/wasm32-unknown-unknown/debug/build/zstd-sys-9046c550709c19ee/out/44ff4c55aa9e5133-debug.o" "-c" "zstd/lib/common/debug.c"cargo:rerun-if-env-changed=CC_wasm32-unknown-unknown
  CC_wasm32-unknown-unknown = None
  cargo:rerun-if-env-changed=CC_wasm32_unknown_unknown
  CC_wasm32_unknown_unknown = None
  cargo:rerun-if-env-changed=TARGET_CC
  TARGET_CC = None
  cargo:rerun-if-env-changed=CC
  CC = None
  cargo:rerun-if-env-changed=CRATE_CC_NO_DEFAULTS
  CRATE_CC_NO_DEFAULTS = None
  cargo:rerun-if-env-changed=CFLAGS
  CFLAGS = None
  cargo:rerun-if-env-changed=TARGET_CFLAGS
  TARGET_CFLAGS = None
  cargo:rerun-if-env-changed=CFLAGS_wasm32_unknown_unknown
  CFLAGS_wasm32_unknown_unknown = None
  cargo:rerun-if-env-changed=CFLAGS_wasm32-unknown-unknown
  CFLAGS_wasm32-unknown-unknown = None
  cargo:rerun-if-env-changed=CC_wasm32-unknown-unknown
  CC_wasm32-unknown-unknown = None
  cargo:rerun-if-env-changed=CC_wasm32_unknown_unknown
  CC_wasm32_unknown_unknown = None
  cargo:rerun-if-env-changed=TARGET_CC
  TARGET_CC = None
  cargo:rerun-if-env-changed=CC
  CC = None
  cargo:rerun-if-env-changed=CRATE_CC_NO_DEFAULTS
  CRATE_CC_NO_DEFAULTS = None
  cargo:rerun-if-env-changed=CFLAGS
  CFLAGS = None
  cargo:rerun-if-env-changed=TARGET_CFLAGS
  TARGET_CFLAGS = None
  cargo:rerun-if-env-changed=CFLAGS_wasm32_unknown_unknown
  CFLAGS_wasm32_unknown_unknown = None
  cargo:rerun-if-env-changed=CFLAGS_wasm32-unknown-unknown
  CFLAGS_wasm32-unknown-unknown = None
  cargo:rerun-if-env-changed=CC_wasm32-unknown-unknown
  CC_wasm32-unknown-unknown = None
  cargo:rerun-if-env-changed=CC_wasm32_unknown_unknown
  CC_wasm32_unknown_unknown = None
  cargo:rerun-if-env-changed=TARGET_CC
  TARGET_CC = None
  cargo:rerun-if-env-changed=CC
  CC = None
  cargo:rerun-if-env-changed=CRATE_CC_NO_DEFAULTS
  CRATE_CC_NO_DEFAULTS = None
  cargo:rerun-if-env-changed=CFLAGS
  CFLAGS = None
  cargo:rerun-if-env-changed=TARGET_CFLAGS
  TARGET_CFLAGS = None
  cargo:rerun-if-env-changed=CFLAGS_wasm32_unknown_unknown
  CFLAGS_wasm32_unknown_unknown = None
  cargo:rerun-if-env-changed=CFLAGS_wasm32-unknown-unknown
  CFLAGS_wasm32-unknown-unknown = None
  cargo:rerun-if-env-changed=CC_wasm32-unknown-unknown
  CC_wasm32-unknown-unknown = None
  cargo:rerun-if-env-changed=CC_wasm32_unknown_unknown
  CC_wasm32_unknown_unknown = None
  cargo:rerun-if-env-changed=TARGET_CC
  TARGET_CC = None
  cargo:rerun-if-env-changed=CC
  CC = None
  cargo:rerun-if-env-changed=CRATE_CC_NO_DEFAULTS
  CRATE_CC_NO_DEFAULTS = None
  cargo:rerun-if-env-changed=CFLAGS
  CFLAGS = None
  cargo:rerun-if-env-changed=TARGET_CFLAGS
  TARGET_CFLAGS = None
  cargo:rerun-if-env-changed=CFLAGS_wasm32_unknown_unknown
  CFLAGS_wasm32_unknown_unknown = None
  cargo:rerun-if-env-changed=CFLAGS_wasm32-unknown-unknown
  CFLAGS_wasm32-unknown-unknown = None
  cargo:warning=error: unable to create target: 'No available targets are compatible with triple "wasm32-unknown-unknown"'
  cargo:warning=1 error generated.

  exit status: 1
  cargo:warning=ToolExecError: command did not execute successfully (status code exit status: 1): LC_ALL="C" "clang" "-O0" "-ffunction-sections" "-fdata-sections" "-g" "-fno-omit-frame-pointer" "--target=wasm32-unknown-unknown" "-I" "wasm-shim/" "-I" "zstd/lib/" "-I" "zstd/lib/common" "-w" "-fvisibility=hidden" "-DZSTD_LIB_DEPRECATED=0" "-DXXH_PRIVATE_API=" "-DZSTDLIB_VISIBILITY=" "-DZSTDERRORLIB_VISIBILITY=" "-o" "<workspace>/work/iw4l-target/wasm32-unknown-unknown/debug/build/zstd-sys-9046c550709c19ee/out/44ff4c55aa9e5133-entropy_common.o" "-c" "zstd/lib/common/entropy_common.c"cargo:warning=error: unable to create target: 'No available targets are compatible with triple "wasm32-unknown-unknown"'
  cargo:warning=1 error generated.

  exit status: 1
  cargo:warning=ToolExecError: command did not execute successfully (status code exit status: 1): LC_ALL="C" "clang" "-O0" "-ffunction-sections" "-fdata-sections" "-g" "-fno-omit-frame-pointer" "--target=wasm32-unknown-unknown" "-I" "wasm-shim/" "-I" "zstd/lib/" "-I" "zstd/lib/common" "-w" "-fvisibility=hidden" "-DZSTD_LIB_DEPRECATED=0" "-DXXH_PRIVATE_API=" "-DZSTDLIB_VISIBILITY=" "-DZSTDERRORLIB_VISIBILITY=" "-o" "<workspace>/work/iw4l-target/wasm32-unknown-unknown/debug/build/zstd-sys-9046c550709c19ee/out/44ff4c55aa9e5133-error_private.o" "-c" "zstd/lib/common/error_private.c"cargo:warning=error: unable to create target: 'No available targets are compatible with triple "wasm32-unknown-unknown"'
  cargo:warning=1 error generated.

  exit status: 1
  cargo:warning=ToolExecError: command did not execute successfully (status code exit status: 1): LC_ALL="C" "clang" "-O0" "-ffunction-sections" "-fdata-sections" "-g" "-fno-omit-frame-pointer" "--target=wasm32-unknown-unknown" "-I" "wasm-shim/" "-I" "zstd/lib/" "-I" "zstd/lib/common" "-w" "-fvisibility=hidden" "-DZSTD_LIB_DEPRECATED=0" "-DXXH_PRIVATE_API=" "-DZSTDLIB_VISIBILITY=" "-DZSTDERRORLIB_VISIBILITY=" "-o" "<workspace>/work/iw4l-target/wasm32-unknown-unknown/debug/build/zstd-sys-9046c550709c19ee/out/44ff4c55aa9e5133-fse_decompress.o" "-c" "zstd/lib/common/fse_decompress.c"cargo:warning=error: unable to create target: 'No available targets are compatible with triple "wasm32-unknown-unknown"'
  cargo:warning=1 error generated.

  exit status: 1
  cargo:warning=ToolExecError: command did not execute successfully (status code exit status: 1): LC_ALL="C" "clang" "-O0" "-ffunction-sections" "-fdata-sections" "-g" "-fno-omit-frame-pointer" "--target=wasm32-unknown-unknown" "-I" "wasm-shim/" "-I" "zstd/lib/" "-I" "zstd/lib/common" "-w" "-fvisibility=hidden" "-DZSTD_LIB_DEPRECATED=0" "-DXXH_PRIVATE_API=" "-DZSTDLIB_VISIBILITY=" "-DZSTDERRORLIB_VISIBILITY=" "-o" "<workspace>/work/iw4l-target/wasm32-unknown-unknown/debug/build/zstd-sys-9046c550709c19ee/out/44ff4c55aa9e5133-pool.o" "-c" "zstd/lib/common/pool.c"cargo:rerun-if-env-changed=CC_wasm32-unknown-unknown
  CC_wasm32-unknown-unknown = None
  cargo:rerun-if-env-changed=CC_wasm32_unknown_unknown
  CC_wasm32_unknown_unknown = None
  cargo:rerun-if-env-changed=TARGET_CC
  TARGET_CC = None
  cargo:rerun-if-env-changed=CC
  CC = None
  cargo:rerun-if-env-changed=CRATE_CC_NO_DEFAULTS
  CRATE_CC_NO_DEFAULTS = None
  cargo:rerun-if-env-changed=CFLAGS
  CFLAGS = None
  cargo:rerun-if-env-changed=TARGET_CFLAGS
  TARGET_CFLAGS = None
  cargo:rerun-if-env-changed=CFLAGS_wasm32_unknown_unknown
  CFLAGS_wasm32_unknown_unknown = None
  cargo:rerun-if-env-changed=CFLAGS_wasm32-unknown-unknown
  CFLAGS_wasm32-unknown-unknown = None
  cargo:rerun-if-env-changed=CC_wasm32-unknown-unknown
  CC_wasm32-unknown-unknown = None
  cargo:rerun-if-env-changed=CC_wasm32_unknown_unknown
  CC_wasm32_unknown_unknown = None
  cargo:rerun-if-env-changed=TARGET_CC
  TARGET_CC = None
  cargo:rerun-if-env-changed=CC
  CC = None
  cargo:rerun-if-env-changed=CRATE_CC_NO_DEFAULTS
  CRATE_CC_NO_DEFAULTS = None
  cargo:rerun-if-env-changed=CFLAGS
  CFLAGS = None
  cargo:rerun-if-env-changed=TARGET_CFLAGS
  TARGET_CFLAGS = None
  cargo:rerun-if-env-changed=CFLAGS_wasm32_unknown_unknown
  CFLAGS_wasm32_unknown_unknown = None
  cargo:rerun-if-env-changed=CFLAGS_wasm32-unknown-unknown
  CFLAGS_wasm32-unknown-unknown = None
  cargo:rerun-if-env-changed=CC_wasm32-unknown-unknown
  CC_wasm32-unknown-unknown = None
  cargo:rerun-if-env-changed=CC_wasm32_unknown_unknown
  CC_wasm32_unknown_unknown = None
  cargo:rerun-if-env-changed=TARGET_CC
  TARGET_CC = None
  cargo:rerun-if-env-changed=CC
  CC = None
  cargo:rerun-if-env-changed=CRATE_CC_NO_DEFAULTS
  CRATE_CC_NO_DEFAULTS = None
  cargo:rerun-if-env-changed=CFLAGS
  CFLAGS = None
  cargo:rerun-if-env-changed=TARGET_CFLAGS
  TARGET_CFLAGS = None
  cargo:rerun-if-env-changed=CFLAGS_wasm32_unknown_unknown
  CFLAGS_wasm32_unknown_unknown = None
  cargo:rerun-if-env-changed=CFLAGS_wasm32-unknown-unknown
  CFLAGS_wasm32-unknown-unknown = None
  cargo:warning=error: unable to create target: 'No available targets are compatible with triple "wasm32-unknown-unknown"'
  cargo:warning=1 error generated.

  exit status: 1
  cargo:warning=ToolExecError: command did not execute successfully (status code exit status: 1): LC_ALL="C" "clang" "-O0" "-ffunction-sections" "-fdata-sections" "-g" "-fno-omit-frame-pointer" "--target=wasm32-unknown-unknown" "-I" "wasm-shim/" "-I" "zstd/lib/" "-I" "zstd/lib/common" "-w" "-fvisibility=hidden" "-DZSTD_LIB_DEPRECATED=0" "-DXXH_PRIVATE_API=" "-DZSTDLIB_VISIBILITY=" "-DZSTDERRORLIB_VISIBILITY=" "-o" "<workspace>/work/iw4l-target/wasm32-unknown-unknown/debug/build/zstd-sys-9046c550709c19ee/out/44ff4c55aa9e5133-threading.o" "-c" "zstd/lib/common/threading.c"cargo:warning=error: unable to create target: 'No available targets are compatible with triple "wasm32-unknown-unknown"'
  cargo:warning=1 error generated.

  exit status: 1
  cargo:warning=ToolExecError: command did not execute successfully (status code exit status: 1): LC_ALL="C" "clang" "-O0" "-ffunction-sections" "-fdata-sections" "-g" "-fno-omit-frame-pointer" "--target=wasm32-unknown-unknown" "-I" "wasm-shim/" "-I" "zstd/lib/" "-I" "zstd/lib/common" "-w" "-fvisibility=hidden" "-DZSTD_LIB_DEPRECATED=0" "-DXXH_PRIVATE_API=" "-DZSTDLIB_VISIBILITY=" "-DZSTDERRORLIB_VISIBILITY=" "-o" "<workspace>/work/iw4l-target/wasm32-unknown-unknown/debug/build/zstd-sys-9046c550709c19ee/out/44ff4c55aa9e5133-zstd_common.o" "-c" "zstd/lib/common/zstd_common.c"cargo:warning=error: unable to create target: 'No available targets are compatible with triple "wasm32-unknown-unknown"'
  cargo:warning=1 error generated.

  exit status: 1
  cargo:warning=ToolExecError: command did not execute successfully (status code exit status: 1): LC_ALL="C" "clang" "-O0" "-ffunction-sections" "-fdata-sections" "-g" "-fno-omit-frame-pointer" "--target=wasm32-unknown-unknown" "-I" "wasm-shim/" "-I" "zstd/lib/" "-I" "zstd/lib/common" "-w" "-fvisibility=hidden" "-DZSTD_LIB_DEPRECATED=0" "-DXXH_PRIVATE_API=" "-DZSTDLIB_VISIBILITY=" "-DZSTDERRORLIB_VISIBILITY=" "-o" "<workspace>/work/iw4l-target/wasm32-unknown-unknown/debug/build/zstd-sys-9046c550709c19ee/out/fb80479a5fb81f6a-fse_compress.o" "-c" "zstd/lib/compress/fse_compress.c"cargo:rerun-if-env-changed=CC_wasm32-unknown-unknown
  CC_wasm32-unknown-unknown = None
  cargo:rerun-if-env-changed=CC_wasm32_unknown_unknown
  CC_wasm32_unknown_unknown = None
  cargo:rerun-if-env-changed=TARGET_CC
  TARGET_CC = None
  cargo:rerun-if-env-changed=CC
  CC = None
  cargo:rerun-if-env-changed=CRATE_CC_NO_DEFAULTS
  CRATE_CC_NO_DEFAULTS = None
  cargo:rerun-if-env-changed=CFLAGS
  CFLAGS = None
  cargo:rerun-if-env-changed=TARGET_CFLAGS
  TARGET_CFLAGS = None
  cargo:rerun-if-env-changed=CFLAGS_wasm32_unknown_unknown
  CFLAGS_wasm32_unknown_unknown = None
  cargo:rerun-if-env-changed=CFLAGS_wasm32-unknown-unknown
  CFLAGS_wasm32-unknown-unknown = None
  cargo:rerun-if-env-changed=CC_wasm32-unknown-unknown
  CC_wasm32-unknown-unknown = None
  cargo:rerun-if-env-changed=CC_wasm32_unknown_unknown
  CC_wasm32_unknown_unknown = None
  cargo:rerun-if-env-changed=TARGET_CC
  TARGET_CC = None
  cargo:rerun-if-env-changed=CC
  CC = None
  cargo:rerun-if-env-changed=CRATE_CC_NO_DEFAULTS
  CRATE_CC_NO_DEFAULTS = None
  cargo:rerun-if-env-changed=CFLAGS
  CFLAGS = None
  cargo:rerun-if-env-changed=TARGET_CFLAGS
  TARGET_CFLAGS = None
  cargo:rerun-if-env-changed=CFLAGS_wasm32_unknown_unknown
  CFLAGS_wasm32_unknown_unknown = None
  cargo:rerun-if-env-changed=CFLAGS_wasm32-unknown-unknown
  CFLAGS_wasm32-unknown-unknown = None
  cargo:rerun-if-env-changed=CC_wasm32-unknown-unknown
  CC_wasm32-unknown-unknown = None
  cargo:rerun-if-env-changed=CC_wasm32_unknown_unknown
  CC_wasm32_unknown_unknown = None
  cargo:rerun-if-env-changed=TARGET_CC
  TARGET_CC = None
  cargo:rerun-if-env-changed=CC
  CC = None
  cargo:rerun-if-env-changed=CRATE_CC_NO_DEFAULTS
  CRATE_CC_NO_DEFAULTS = None
  cargo:rerun-if-env-changed=CFLAGS
  CFLAGS = None
  cargo:rerun-if-env-changed=TARGET_CFLAGS
  TARGET_CFLAGS = None
  cargo:rerun-if-env-changed=CFLAGS_wasm32_unknown_unknown
  CFLAGS_wasm32_unknown_unknown = None
  cargo:rerun-if-env-changed=CFLAGS_wasm32-unknown-unknown
  CFLAGS_wasm32-unknown-unknown = None
  cargo:warning=error: unable to create target: 'No available targets are compatible with triple "wasm32-unknown-unknown"'
  cargo:warning=1 error generated.

  exit status: 1
  cargo:warning=ToolExecError: command did not execute successfully (status code exit status: 1): LC_ALL="C" "clang" "-O0" "-ffunction-sections" "-fdata-sections" "-g" "-fno-omit-frame-pointer" "--target=wasm32-unknown-unknown" "-I" "wasm-shim/" "-I" "zstd/lib/" "-I" "zstd/lib/common" "-w" "-fvisibility=hidden" "-DZSTD_LIB_DEPRECATED=0" "-DXXH_PRIVATE_API=" "-DZSTDLIB_VISIBILITY=" "-DZSTDERRORLIB_VISIBILITY=" "-o" "<workspace>/work/iw4l-target/wasm32-unknown-unknown/debug/build/zstd-sys-9046c550709c19ee/out/fb80479a5fb81f6a-hist.o" "-c" "zstd/lib/compress/hist.c"cargo:warning=error: unable to create target: 'No available targets are compatible with triple "wasm32-unknown-unknown"'
  cargo:warning=1 error generated.

  exit status: 1
  cargo:warning=ToolExecError: command did not execute successfully (status code exit status: 1): LC_ALL="C" "clang" "-O0" "-ffunction-sections" "-fdata-sections" "-g" "-fno-omit-frame-pointer" "--target=wasm32-unknown-unknown" "-I" "wasm-shim/" "-I" "zstd/lib/" "-I" "zstd/lib/common" "-w" "-fvisibility=hidden" "-DZSTD_LIB_DEPRECATED=0" "-DXXH_PRIVATE_API=" "-DZSTDLIB_VISIBILITY=" "-DZSTDERRORLIB_VISIBILITY=" "-o" "<workspace>/work/iw4l-target/wasm32-unknown-unknown/debug/build/zstd-sys-9046c550709c19ee/out/fb80479a5fb81f6a-huf_compress.o" "-c" "zstd/lib/compress/huf_compress.c"cargo:warning=error: unable to create target: 'No available targets are compatible with triple "wasm32-unknown-unknown"'
  cargo:warning=1 error generated.

  exit status: 1
  cargo:warning=ToolExecError: command did not execute successfully (status code exit status: 1): LC_ALL="C" "clang" "-O0" "-ffunction-sections" "-fdata-sections" "-g" "-fno-omit-frame-pointer" "--target=wasm32-unknown-unknown" "-I" "wasm-shim/" "-I" "zstd/lib/" "-I" "zstd/lib/common" "-w" "-fvisibility=hidden" "-DZSTD_LIB_DEPRECATED=0" "-DXXH_PRIVATE_API=" "-DZSTDLIB_VISIBILITY=" "-DZSTDERRORLIB_VISIBILITY=" "-o" "<workspace>/work/iw4l-target/wasm32-unknown-unknown/debug/build/zstd-sys-9046c550709c19ee/out/fb80479a5fb81f6a-zstd_compress.o" "-c" "zstd/lib/compress/zstd_compress.c"cargo:rerun-if-env-changed=CC_wasm32-unknown-unknown
  CC_wasm32-unknown-unknown = None
  cargo:rerun-if-env-changed=CC_wasm32_unknown_unknown
  CC_wasm32_unknown_unknown = None
  cargo:rerun-if-env-changed=TARGET_CC
  TARGET_CC = None
  cargo:rerun-if-env-changed=CC
  CC = None
  cargo:rerun-if-env-changed=CRATE_CC_NO_DEFAULTS
  CRATE_CC_NO_DEFAULTS = None
  cargo:rerun-if-env-changed=CFLAGS
  CFLAGS = None
  cargo:rerun-if-env-changed=TARGET_CFLAGS
  TARGET_CFLAGS = None
  cargo:rerun-if-env-changed=CFLAGS_wasm32_unknown_unknown
  CFLAGS_wasm32_unknown_unknown = None
  cargo:rerun-if-env-changed=CFLAGS_wasm32-unknown-unknown
  CFLAGS_wasm32-unknown-unknown = None
  cargo:rerun-if-env-changed=CC_wasm32-unknown-unknown
  CC_wasm32-unknown-unknown = None
  cargo:rerun-if-env-changed=CC_wasm32_unknown_unknown
  CC_wasm32_unknown_unknown = None
  cargo:rerun-if-env-changed=TARGET_CC
  TARGET_CC = None
  cargo:rerun-if-env-changed=CC
  CC = None
  cargo:rerun-if-env-changed=CRATE_CC_NO_DEFAULTS
  CRATE_CC_NO_DEFAULTS = None
  cargo:rerun-if-env-changed=CFLAGS
  CFLAGS = None
  cargo:rerun-if-env-changed=TARGET_CFLAGS
  TARGET_CFLAGS = None
  cargo:rerun-if-env-changed=CFLAGS_wasm32_unknown_unknown
  CFLAGS_wasm32_unknown_unknown = None
  cargo:rerun-if-env-changed=CFLAGS_wasm32-unknown-unknown
  CFLAGS_wasm32-unknown-unknown = None
  cargo:rerun-if-env-changed=CC_wasm32-unknown-unknown
  CC_wasm32-unknown-unknown = None
  cargo:rerun-if-env-changed=CC_wasm32_unknown_unknown
  CC_wasm32_unknown_unknown = None
  cargo:rerun-if-env-changed=TARGET_CC
  TARGET_CC = None
  cargo:rerun-if-env-changed=CC
  CC = None
  cargo:rerun-if-env-changed=CRATE_CC_NO_DEFAULTS
  CRATE_CC_NO_DEFAULTS = None
  cargo:rerun-if-env-changed=CFLAGS
  CFLAGS = None
  cargo:rerun-if-env-changed=TARGET_CFLAGS
  TARGET_CFLAGS = None
  cargo:rerun-if-env-changed=CFLAGS_wasm32_unknown_unknown
  CFLAGS_wasm32_unknown_unknown = None
  cargo:rerun-if-env-changed=CFLAGS_wasm32-unknown-unknown
  CFLAGS_wasm32-unknown-unknown = None
  cargo:warning=error: unable to create target: 'No available targets are compatible with triple "wasm32-unknown-unknown"'
  cargo:warning=1 error generated.

  exit status: 1
  cargo:warning=ToolExecError: command did not execute successfully (status code exit status: 1): LC_ALL="C" "clang" "-O0" "-ffunction-sections" "-fdata-sections" "-g" "-fno-omit-frame-pointer" "--target=wasm32-unknown-unknown" "-I" "wasm-shim/" "-I" "zstd/lib/" "-I" "zstd/lib/common" "-w" "-fvisibility=hidden" "-DZSTD_LIB_DEPRECATED=0" "-DXXH_PRIVATE_API=" "-DZSTDLIB_VISIBILITY=" "-DZSTDERRORLIB_VISIBILITY=" "-o" "<workspace>/work/iw4l-target/wasm32-unknown-unknown/debug/build/zstd-sys-9046c550709c19ee/out/fb80479a5fb81f6a-zstd_compress_literals.o" "-c" "zstd/lib/compress/zstd_compress_literals.c"cargo:warning=error: unable to create target: 'No available targets are compatible with triple "wasm32-unknown-unknown"'
  cargo:warning=1 error generated.

  exit status: 1
  cargo:warning=ToolExecError: command did not execute successfully (status code exit status: 1): LC_ALL="C" "clang" "-O0" "-ffunction-sections" "-fdata-sections" "-g" "-fno-omit-frame-pointer" "--target=wasm32-unknown-unknown" "-I" "wasm-shim/" "-I" "zstd/lib/" "-I" "zstd/lib/common" "-w" "-fvisibility=hidden" "-DZSTD_LIB_DEPRECATED=0" "-DXXH_PRIVATE_API=" "-DZSTDLIB_VISIBILITY=" "-DZSTDERRORLIB_VISIBILITY=" "-o" "<workspace>/work/iw4l-target/wasm32-unknown-unknown/debug/build/zstd-sys-9046c550709c19ee/out/fb80479a5fb81f6a-zstd_compress_sequences.o" "-c" "zstd/lib/compress/zstd_compress_sequences.c"cargo:warning=error: unable to create target: 'No available targets are compatible with triple "wasm32-unknown-unknown"'
  cargo:warning=1 error generated.

  exit status: 1
  cargo:warning=ToolExecError: command did not execute successfully (status code exit status: 1): LC_ALL="C" "clang" "-O0" "-ffunction-sections" "-fdata-sections" "-g" "-fno-omit-frame-pointer" "--target=wasm32-unknown-unknown" "-I" "wasm-shim/" "-I" "zstd/lib/" "-I" "zstd/lib/common" "-w" "-fvisibility=hidden" "-DZSTD_LIB_DEPRECATED=0" "-DXXH_PRIVATE_API=" "-DZSTDLIB_VISIBILITY=" "-DZSTDERRORLIB_VISIBILITY=" "-o" "<workspace>/work/iw4l-target/wasm32-unknown-unknown/debug/build/zstd-sys-9046c550709c19ee/out/fb80479a5fb81f6a-zstd_compress_superblock.o" "-c" "zstd/lib/compress/zstd_compress_superblock.c"cargo:rerun-if-env-changed=CC_wasm32-unknown-unknown
  CC_wasm32-unknown-unknown = None
  cargo:rerun-if-env-changed=CC_wasm32_unknown_unknown
  CC_wasm32_unknown_unknown = None
  cargo:rerun-if-env-changed=TARGET_CC
  TARGET_CC = None
  cargo:rerun-if-env-changed=CC
  CC = None
  cargo:rerun-if-env-changed=CRATE_CC_NO_DEFAULTS
  CRATE_CC_NO_DEFAULTS = None
  cargo:rerun-if-env-changed=CFLAGS
  CFLAGS = None
  cargo:rerun-if-env-changed=TARGET_CFLAGS
  TARGET_CFLAGS = None
  cargo:rerun-if-env-changed=CFLAGS_wasm32_unknown_unknown
  CFLAGS_wasm32_unknown_unknown = None
  cargo:rerun-if-env-changed=CFLAGS_wasm32-unknown-unknown
  CFLAGS_wasm32-unknown-unknown = None
  cargo:rerun-if-env-changed=CC_wasm32-unknown-unknown
  CC_wasm32-unknown-unknown = None
  cargo:rerun-if-env-changed=CC_wasm32_unknown_unknown
  CC_wasm32_unknown_unknown = None
  cargo:rerun-if-env-changed=TARGET_CC
  TARGET_CC = None
  cargo:rerun-if-env-changed=CC
  CC = None
  cargo:rerun-if-env-changed=CRATE_CC_NO_DEFAULTS
  CRATE_CC_NO_DEFAULTS = None
  cargo:rerun-if-env-changed=CFLAGS
  CFLAGS = None
  cargo:rerun-if-env-changed=TARGET_CFLAGS
  TARGET_CFLAGS = None
  cargo:rerun-if-env-changed=CFLAGS_wasm32_unknown_unknown
  CFLAGS_wasm32_unknown_unknown = None
  cargo:rerun-if-env-changed=CFLAGS_wasm32-unknown-unknown
  CFLAGS_wasm32-unknown-unknown = None
  cargo:rerun-if-env-changed=CC_wasm32-unknown-unknown
  CC_wasm32-unknown-unknown = None
  cargo:rerun-if-env-changed=CC_wasm32_unknown_unknown
  CC_wasm32_unknown_unknown = None
  cargo:rerun-if-env-changed=TARGET_CC
  TARGET_CC = None
  cargo:rerun-if-env-changed=CC
  CC = None
  cargo:rerun-if-env-changed=CRATE_CC_NO_DEFAULTS
  CRATE_CC_NO_DEFAULTS = None
  cargo:rerun-if-env-changed=CFLAGS
  CFLAGS = None
  cargo:rerun-if-env-changed=TARGET_CFLAGS
  TARGET_CFLAGS = None
  cargo:rerun-if-env-changed=CFLAGS_wasm32_unknown_unknown
  CFLAGS_wasm32_unknown_unknown = None
  cargo:rerun-if-env-changed=CFLAGS_wasm32-unknown-unknown
  CFLAGS_wasm32-unknown-unknown = None
  cargo:rerun-if-env-changed=CC_wasm32-unknown-unknown
  CC_wasm32-unknown-unknown = None
  cargo:rerun-if-env-changed=CC_wasm32_unknown_unknown
  CC_wasm32_unknown_unknown = None
  cargo:rerun-if-env-changed=TARGET_CC
  TARGET_CC = None
  cargo:rerun-if-env-changed=CC
  CC = None
  cargo:rerun-if-env-changed=CRATE_CC_NO_DEFAULTS
  CRATE_CC_NO_DEFAULTS = None
  cargo:rerun-if-env-changed=CFLAGS
  CFLAGS = None
  cargo:rerun-if-env-changed=TARGET_CFLAGS
  TARGET_CFLAGS = None
  cargo:rerun-if-env-changed=CFLAGS_wasm32_unknown_unknown
  CFLAGS_wasm32_unknown_unknown = None
  cargo:rerun-if-env-changed=CFLAGS_wasm32-unknown-unknown
  CFLAGS_wasm32-unknown-unknown = None
  cargo:rerun-if-env-changed=CC_wasm32-unknown-unknown
  CC_wasm32-unknown-unknown = None
  cargo:rerun-if-env-changed=CC_wasm32_unknown_unknown
  CC_wasm32_unknown_unknown = None
  cargo:rerun-if-env-changed=TARGET_CC
  TARGET_CC = None
  cargo:rerun-if-env-changed=CC
  CC = None
  cargo:rerun-if-env-changed=CRATE_CC_NO_DEFAULTS
  CRATE_CC_NO_DEFAULTS = None
  cargo:rerun-if-env-changed=CFLAGS
  CFLAGS = None
  cargo:rerun-if-env-changed=TARGET_CFLAGS
  TARGET_CFLAGS = None
  cargo:rerun-if-env-changed=CFLAGS_wasm32_unknown_unknown
  CFLAGS_wasm32_unknown_unknown = None
  cargo:rerun-if-env-changed=CFLAGS_wasm32-unknown-unknown
  CFLAGS_wasm32-unknown-unknown = None
  cargo:rerun-if-env-changed=CC_wasm32-unknown-unknown
  CC_wasm32-unknown-unknown = None
  cargo:rerun-if-env-changed=CC_wasm32_unknown_unknown
  CC_wasm32_unknown_unknown = None
  cargo:rerun-if-env-changed=TARGET_CC
  TARGET_CC = None
  cargo:rerun-if-env-changed=CC
  CC = None
  cargo:rerun-if-env-changed=CRATE_CC_NO_DEFAULTS
  CRATE_CC_NO_DEFAULTS = None
  cargo:rerun-if-env-changed=CFLAGS
  CFLAGS = None
  cargo:rerun-if-env-changed=TARGET_CFLAGS
  TARGET_CFLAGS = None
  cargo:rerun-if-env-changed=CFLAGS_wasm32_unknown_unknown
  CFLAGS_wasm32_unknown_unknown = None
  cargo:rerun-if-env-changed=CFLAGS_wasm32-unknown-unknown
  CFLAGS_wasm32-unknown-unknown = None
  cargo:rerun-if-env-changed=CC_wasm32-unknown-unknown
  CC_wasm32-unknown-unknown = None
  cargo:rerun-if-env-changed=CC_wasm32_unknown_unknown
  CC_wasm32_unknown_unknown = None
  cargo:rerun-if-env-changed=TARGET_CC
  TARGET_CC = None
  cargo:rerun-if-env-changed=CC
  CC = None
  cargo:rerun-if-env-changed=CRATE_CC_NO_DEFAULTS
  CRATE_CC_NO_DEFAULTS = None
  cargo:rerun-if-env-changed=CFLAGS
  CFLAGS = None
  cargo:rerun-if-env-changed=TARGET_CFLAGS
  TARGET_CFLAGS = None
  cargo:rerun-if-env-changed=CFLAGS_wasm32_unknown_unknown
  CFLAGS_wasm32_unknown_unknown = None
  cargo:rerun-if-env-changed=CFLAGS_wasm32-unknown-unknown
  CFLAGS_wasm32-unknown-unknown = None
  cargo:rerun-if-env-changed=CC_wasm32-unknown-unknown
  CC_wasm32-unknown-unknown = None
  cargo:rerun-if-env-changed=CC_wasm32_unknown_unknown
  CC_wasm32_unknown_unknown = None
  cargo:rerun-if-env-changed=TARGET_CC
  TARGET_CC = None
  cargo:rerun-if-env-changed=CC
  CC = None
  cargo:rerun-if-env-changed=CRATE_CC_NO_DEFAULTS
  CRATE_CC_NO_DEFAULTS = None
  cargo:rerun-if-env-changed=CFLAGS
  CFLAGS = None
  cargo:rerun-if-env-changed=TARGET_CFLAGS
  TARGET_CFLAGS = None
  cargo:rerun-if-env-changed=CFLAGS_wasm32_unknown_unknown
  CFLAGS_wasm32_unknown_unknown = None
  cargo:rerun-if-env-changed=CFLAGS_wasm32-unknown-unknown
  CFLAGS_wasm32-unknown-unknown = None
  cargo:rerun-if-env-changed=CC_wasm32-unknown-unknown
  CC_wasm32-unknown-unknown = None
  cargo:rerun-if-env-changed=CC_wasm32_unknown_unknown
  CC_wasm32_unknown_unknown = None
  cargo:rerun-if-env-changed=TARGET_CC
  TARGET_CC = None
  cargo:rerun-if-env-changed=CC
  CC = None
  cargo:rerun-if-env-changed=CRATE_CC_NO_DEFAULTS
  CRATE_CC_NO_DEFAULTS = None
  cargo:rerun-if-env-changed=CFLAGS
  CFLAGS = None
  cargo:rerun-if-env-changed=TARGET_CFLAGS
  TARGET_CFLAGS = None
  cargo:rerun-if-env-changed=CFLAGS_wasm32_unknown_unknown
  CFLAGS_wasm32_unknown_unknown = None
  cargo:rerun-if-env-changed=CFLAGS_wasm32-unknown-unknown
  CFLAGS_wasm32-unknown-unknown = None
  cargo:warning=error: unable to create target: 'No available targets are compatible with triple "wasm32-unknown-unknown"'
  cargo:warning=1 error generated.

  exit status: 1
  cargo:warning=ToolExecError: command did not execute successfully (status code exit status: 1): LC_ALL="C" "clang" "-O0" "-ffunction-sections" "-fdata-sections" "-g" "-fno-omit-frame-pointer" "--target=wasm32-unknown-unknown" "-I" "wasm-shim/" "-I" "zstd/lib/" "-I" "zstd/lib/common" "-w" "-fvisibility=hidden" "-DZSTD_LIB_DEPRECATED=0" "-DXXH_PRIVATE_API=" "-DZSTDLIB_VISIBILITY=" "-DZSTDERRORLIB_VISIBILITY=" "-o" "<workspace>/work/iw4l-target/wasm32-unknown-unknown/debug/build/zstd-sys-9046c550709c19ee/out/fb80479a5fb81f6a-zstd_double_fast.o" "-c" "zstd/lib/compress/zstd_double_fast.c"cargo:warning=error: unable to create target: 'No available targets are compatible with triple "wasm32-unknown-unknown"'
  cargo:warning=1 error generated.

  exit status: 1
  cargo:warning=ToolExecError: command did not execute successfully (status code exit status: 1): LC_ALL="C" "clang" "-O0" "-ffunction-sections" "-fdata-sections" "-g" "-fno-omit-frame-pointer" "--target=wasm32-unknown-unknown" "-I" "wasm-shim/" "-I" "zstd/lib/" "-I" "zstd/lib/common" "-w" "-fvisibility=hidden" "-DZSTD_LIB_DEPRECATED=0" "-DXXH_PRIVATE_API=" "-DZSTDLIB_VISIBILITY=" "-DZSTDERRORLIB_VISIBILITY=" "-o" "<workspace>/work/iw4l-target/wasm32-unknown-unknown/debug/build/zstd-sys-9046c550709c19ee/out/fb80479a5fb81f6a-zstd_fast.o" "-c" "zstd/lib/compress/zstd_fast.c"cargo:warning=error: unable to create target: 'No available targets are compatible with triple "wasm32-unknown-unknown"'
  cargo:warning=1 error generated.

  exit status: 1
  cargo:warning=ToolExecError: command did not execute successfully (status code exit status: 1): LC_ALL="C" "clang" "-O0" "-ffunction-sections" "-fdata-sections" "-g" "-fno-omit-frame-pointer" "--target=wasm32-unknown-unknown" "-I" "wasm-shim/" "-I" "zstd/lib/" "-I" "zstd/lib/common" "-w" "-fvisibility=hidden" "-DZSTD_LIB_DEPRECATED=0" "-DXXH_PRIVATE_API=" "-DZSTDLIB_VISIBILITY=" "-DZSTDERRORLIB_VISIBILITY=" "-o" "<workspace>/work/iw4l-target/wasm32-unknown-unknown/debug/build/zstd-sys-9046c550709c19ee/out/fb80479a5fb81f6a-zstd_lazy.o" "-c" "zstd/lib/compress/zstd_lazy.c"cargo:warning=error: unable to create target: 'No available targets are compatible with triple "wasm32-unknown-unknown"'
  cargo:warning=1 error generated.

  exit status: 1
  cargo:warning=ToolExecError: command did not execute successfully (status code exit status: 1): LC_ALL="C" "clang" "-O0" "-ffunction-sections" "-fdata-sections" "-g" "-fno-omit-frame-pointer" "--target=wasm32-unknown-unknown" "-I" "wasm-shim/" "-I" "zstd/lib/" "-I" "zstd/lib/common" "-w" "-fvisibility=hidden" "-DZSTD_LIB_DEPRECATED=0" "-DXXH_PRIVATE_API=" "-DZSTDLIB_VISIBILITY=" "-DZSTDERRORLIB_VISIBILITY=" "-o" "<workspace>/work/iw4l-target/wasm32-unknown-unknown/debug/build/zstd-sys-9046c550709c19ee/out/fb80479a5fb81f6a-zstd_ldm.o" "-c" "zstd/lib/compress/zstd_ldm.c"cargo:warning=error: unable to create target: 'No available targets are compatible with triple "wasm32-unknown-unknown"'
  cargo:warning=1 error generated.

  exit status: 1
  cargo:warning=ToolExecError: command did not execute successfully (status code exit status: 1): LC_ALL="C" "clang" "-O0" "-ffunction-sections" "-fdata-sections" "-g" "-fno-omit-frame-pointer" "--target=wasm32-unknown-unknown" "-I" "wasm-shim/" "-I" "zstd/lib/" "-I" "zstd/lib/common" "-w" "-fvisibility=hidden" "-DZSTD_LIB_DEPRECATED=0" "-DXXH_PRIVATE_API=" "-DZSTDLIB_VISIBILITY=" "-DZSTDERRORLIB_VISIBILITY=" "-o" "<workspace>/work/iw4l-target/wasm32-unknown-unknown/debug/build/zstd-sys-9046c550709c19ee/out/fb80479a5fb81f6a-zstd_opt.o" "-c" "zstd/lib/compress/zstd_opt.c"cargo:warning=error: unable to create target: 'No available targets are compatible with triple "wasm32-unknown-unknown"'
  cargo:warning=1 error generated.

  exit status: 1
  cargo:warning=ToolExecError: command did not execute successfully (status code exit status: 1): LC_ALL="C" "clang" "-O0" "-ffunction-sections" "-fdata-sections" "-g" "-fno-omit-frame-pointer" "--target=wasm32-unknown-unknown" "-I" "wasm-shim/" "-I" "zstd/lib/" "-I" "zstd/lib/common" "-w" "-fvisibility=hidden" "-DZSTD_LIB_DEPRECATED=0" "-DXXH_PRIVATE_API=" "-DZSTDLIB_VISIBILITY=" "-DZSTDERRORLIB_VISIBILITY=" "-o" "<workspace>/work/iw4l-target/wasm32-unknown-unknown/debug/build/zstd-sys-9046c550709c19ee/out/fb80479a5fb81f6a-zstd_preSplit.o" "-c" "zstd/lib/compress/zstd_preSplit.c"cargo:warning=error: unable to create target: 'No available targets are compatible with triple "wasm32-unknown-unknown"'
  cargo:warning=1 error generated.

  exit status: 1
  cargo:warning=ToolExecError: command did not execute successfully (status code exit status: 1): LC_ALL="C" "clang" "-O0" "-ffunction-sections" "-fdata-sections" "-g" "-fno-omit-frame-pointer" "--target=wasm32-unknown-unknown" "-I" "wasm-shim/" "-I" "zstd/lib/" "-I" "zstd/lib/common" "-w" "-fvisibility=hidden" "-DZSTD_LIB_DEPRECATED=0" "-DXXH_PRIVATE_API=" "-DZSTDLIB_VISIBILITY=" "-DZSTDERRORLIB_VISIBILITY=" "-o" "<workspace>/work/iw4l-target/wasm32-unknown-unknown/debug/build/zstd-sys-9046c550709c19ee/out/fb80479a5fb81f6a-zstdmt_compress.o" "-c" "zstd/lib/compress/zstdmt_compress.c"cargo:warning=error: unable to create target: 'No available targets are compatible with triple "wasm32-unknown-unknown"'
  cargo:warning=1 error generated.

  exit status: 1
  cargo:warning=ToolExecError: command did not execute successfully (status code exit status: 1): LC_ALL="C" "clang" "-O0" "-ffunction-sections" "-fdata-sections" "-g" "-fno-omit-frame-pointer" "--target=wasm32-unknown-unknown" "-I" "wasm-shim/" "-I" "zstd/lib/" "-I" "zstd/lib/common" "-w" "-fvisibility=hidden" "-DZSTD_LIB_DEPRECATED=0" "-DXXH_PRIVATE_API=" "-DZSTDLIB_VISIBILITY=" "-DZSTDERRORLIB_VISIBILITY=" "-o" "<workspace>/work/iw4l-target/wasm32-unknown-unknown/debug/build/zstd-sys-9046c550709c19ee/out/88f362f13b0528ed-huf_decompress.o" "-c" "zstd/lib/decompress/huf_decompress.c"cargo:warning=error: unable to create target: 'No available targets are compatible with triple "wasm32-unknown-unknown"'
  cargo:warning=1 error generated.

  exit status: 1
  cargo:warning=ToolExecError: command did not execute successfully (status code exit status: 1): LC_ALL="C" "clang" "-O0" "-ffunction-sections" "-fdata-sections" "-g" "-fno-omit-frame-pointer" "--target=wasm32-unknown-unknown" "-I" "wasm-shim/" "-I" "zstd/lib/" "-I" "zstd/lib/common" "-w" "-fvisibility=hidden" "-DZSTD_LIB_DEPRECATED=0" "-DXXH_PRIVATE_API=" "-DZSTDLIB_VISIBILITY=" "-DZSTDERRORLIB_VISIBILITY=" "-o" "<workspace>/work/iw4l-target/wasm32-unknown-unknown/debug/build/zstd-sys-9046c550709c19ee/out/88f362f13b0528ed-zstd_ddict.o" "-c" "zstd/lib/decompress/zstd_ddict.c"cargo:warning=error: unable to create target: 'No available targets are compatible with triple "wasm32-unknown-unknown"'
  cargo:warning=1 error generated.

  exit status: 1
  cargo:warning=ToolExecError: command did not execute successfully (status code exit status: 1): LC_ALL="C" "clang" "-O0" "-ffunction-sections" "-fdata-sections" "-g" "-fno-omit-frame-pointer" "--target=wasm32-unknown-unknown" "-I" "wasm-shim/" "-I" "zstd/lib/" "-I" "zstd/lib/common" "-w" "-fvisibility=hidden" "-DZSTD_LIB_DEPRECATED=0" "-DXXH_PRIVATE_API=" "-DZSTDLIB_VISIBILITY=" "-DZSTDERRORLIB_VISIBILITY=" "-o" "<workspace>/work/iw4l-target/wasm32-unknown-unknown/debug/build/zstd-sys-9046c550709c19ee/out/88f362f13b0528ed-zstd_decompress.o" "-c" "zstd/lib/decompress/zstd_decompress.c"cargo:rerun-if-env-changed=CC_wasm32-unknown-unknown
  CC_wasm32-unknown-unknown = None
  cargo:rerun-if-env-changed=CC_wasm32_unknown_unknown
  CC_wasm32_unknown_unknown = None
  cargo:rerun-if-env-changed=TARGET_CC
  TARGET_CC = None
  cargo:rerun-if-env-changed=CC
  CC = None
  cargo:rerun-if-env-changed=CRATE_CC_NO_DEFAULTS
  CRATE_CC_NO_DEFAULTS = None
  cargo:rerun-if-env-changed=CFLAGS
  CFLAGS = None
  cargo:rerun-if-env-changed=TARGET_CFLAGS
  TARGET_CFLAGS = None
  cargo:rerun-if-env-changed=CFLAGS_wasm32_unknown_unknown
  CFLAGS_wasm32_unknown_unknown = None
  cargo:rerun-if-env-changed=CFLAGS_wasm32-unknown-unknown
  CFLAGS_wasm32-unknown-unknown = None
  cargo:warning=error: unable to create target: 'No available targets are compatible with triple "wasm32-unknown-unknown"'
  cargo:warning=1 error generated.

  exit status: 1
  cargo:warning=ToolExecError: command did not execute successfully (status code exit status: 1): LC_ALL="C" "clang" "-O0" "-ffunction-sections" "-fdata-sections" "-g" "-fno-omit-frame-pointer" "--target=wasm32-unknown-unknown" "-I" "wasm-shim/" "-I" "zstd/lib/" "-I" "zstd/lib/common" "-w" "-fvisibility=hidden" "-DZSTD_LIB_DEPRECATED=0" "-DXXH_PRIVATE_API=" "-DZSTDLIB_VISIBILITY=" "-DZSTDERRORLIB_VISIBILITY=" "-o" "<workspace>/work/iw4l-target/wasm32-unknown-unknown/debug/build/zstd-sys-9046c550709c19ee/out/88f362f13b0528ed-zstd_decompress_block.o" "-c" "zstd/lib/decompress/zstd_decompress_block.c"cargo:warning=clang -cc1as: error: unknown target triple 'wasm32-unknown-unknown'

  exit status: 1
  cargo:warning=ToolExecError: command did not execute successfully (status code exit status: 1): LC_ALL="C" "clang" "-O0" "-ffunction-sections" "-fdata-sections" "-g" "-fno-omit-frame-pointer" "--target=wasm32-unknown-unknown" "-I" "wasm-shim/" "-I" "zstd/lib/" "-I" "zstd/lib/common" "-w" "-fvisibility=hidden" "-DZSTD_LIB_DEPRECATED=0" "-DXXH_PRIVATE_API=" "-DZSTDLIB_VISIBILITY=" "-DZSTDERRORLIB_VISIBILITY=" "-o" "<workspace>/work/iw4l-target/wasm32-unknown-unknown/debug/build/zstd-sys-9046c550709c19ee/out/7faed3f8272f2313-huf_decompress_amd64.o" "-c" "zstd/lib/decompress/huf_decompress_amd64.S"

  --- stderr


  error occurred in cc-rs: command did not execute successfully (status code exit status: 1): LC_ALL="C" "clang" "-O0" "-ffunction-sections" "-fdata-sections" "-g" "-fno-omit-frame-pointer" "--target=wasm32-unknown-unknown" "-I" "wasm-shim/" "-I" "zstd/lib/" "-I" "zstd/lib/common" "-w" "-fvisibility=hidden" "-DZSTD_LIB_DEPRECATED=0" "-DXXH_PRIVATE_API=" "-DZSTDLIB_VISIBILITY=" "-DZSTDERRORLIB_VISIBILITY=" "-o" "<workspace>/work/iw4l-target/wasm32-unknown-unknown/debug/build/zstd-sys-9046c550709c19ee/out/7faed3f8272f2313-huf_decompress_amd64.o" "-c" "zstd/lib/decompress/huf_decompress_amd64.S"


